cases,cases,cases,cases,cases,cases,cases,cases,cases,cases,cases,cases,cases,cases,cases,cases,cases,cases,cases,cases,cases,cases,cases,cases,cases,cases,cases,cases,cases,cases,cases,SUM_CASES,DATE
3005.0,2.0,3363.0,301.0,2000.0,2642.0,342.0,360.0,11533.0,16362.0,692.0,3470.0,5.0,429.0,17937.0,629.0,12.0,1920.0,517.0,0.0,9868.0,0.0,8976.0,4044.0,4435.0,5897.0,833.0,,0.0,0.0,18447.0,118021.0,2020-12-14
2938.0,856.0,4135.0,324.0,3657.0,3552.0,757.0,377.0,13947.0,20200.0,1194.0,4153.0,13.0,249.0,19902.0,660.0,0.0,2849.0,718.0,121.0,9071.0,0.0,11499.0,4413.0,6333.0,0.0,1744.0,0.0,0.0,0.0,21501.0,135163.0,2020-12-13
3026.0,2751.0,4396.0,424.0,6217.0,3075.0,358.0,501.0,13406.0,28438.0,1395.0,5047.0,15.0,304.0,18726.0,680.0,25.0,3303.0,1173.0,96.0,8827.0,498.0,13105.0,5080.0,6460.0,2166.0,1816.0,0.0,0.0,5111.0,21672.0,158091.0,2020-12-12
2466.0,2604.0,4620.0,403.0,5872.0,3132.0,544.0,840.0,13750.0,29875.0,1533.0,6197.0,8.0,303.0,16998.0,890.0,3.0,3066.0,0.0,106.0,8709.0,362.0,13750.0,3134.0,7067.0,3125.0,1848.0,10519.0,6051.0,5038.0,20964.0,173777.0,2020-12-11
2913.0,2708.0,4520.0,363.0,6406.0,2558.0,544.0,490.0,14595.0,23679.0,1675.0,5415.0,10.0,218.0,12755.0,712.0,27.0,3327.0,388.0,79.0,6524.0,459.0,12166.0,4097.0,7365.0,2564.0,2137.0,7955.0,8402.0,5059.0,16578.0,156688.0,2020-12-10
2531.0,2715.0,2613.0,419.0,5857.0,2150.0,284.0,361.0,13713.0,20815.0,1324.0,3221.0,10.0,214.0,14837.0,584.0,16.0,3130.0,261.0,40.0,6139.0,381.0,8310.0,2905.0,7439.0,1949.0,1648.0,9773.0,7449.0,4246.0,12281.0,137615.0,2020-12-09
2181.0,3353.0,1886.0,416.0,4237.0,2046.0,248.0,250.0,3411.0,14055.0,1250.0,2219.0,14.0,222.0,13679.0,207.0,35.0,1390.0,531.0,139.0,7055.0,951.0,4421.0,2597.0,3660.0,552.0,483.0,0.0,3778.0,9774.0,14718.0,99758.0,2020-12-08
2745.0,592.0,2899.0,270.0,2654.0,1745.0,478.0,413.0,11022.0,12332.0,903.0,3870.0,6.0,298.0,18887.0,526.0,0.0,1387.0,667.0,97.0,6769.0,0.0,9176.0,3834.0,5231.0,1269.0,1030.0,17681.0,1803.0,0.0,17271.0,125855.0,2020-12-07
3160.0,1098.0,4084.0,369.0,1773.0,2115.0,561.0,460.0,12923.0,17767.0,1383.0,6697.0,14.0,457.0,21052.0,794.0,0.0,2219.0,588.0,103.0,6520.0,0.0,12427.0,6087.0,8072.0,2070.0,1642.0,0.0,4865.0,0.0,15539.0,134839.0,2020-12-06
3634.0,2549.0,3955.0,289.0,4743.0,1603.0,470.0,316.0,11221.0,23318.0,1648.0,5525.0,14.0,263.0,24110.0,686.0,12.0,2848.0,627.0,123.0,5867.0,403.0,13236.0,4935.0,8062.0,2184.0,1784.0,0.0,7343.0,4370.0,16298.0,152436.0,2020-12-05
3783.0,2364.0,4534.0,348.0,4621.0,1605.0,450.0,560.0,12696.0,23448.0,1882.0,6212.0,15.0,162.0,23219.0,930.0,40.0,2516.0,673.0,96.0,5603.0,377.0,14863.0,3772.0,7661.0,1982.0,1783.0,8745.0,6990.0,3071.0,14878.0,159879.0,2020-12-04
3660.0,2611.0,3539.0,292.0,4568.0,1586.0,522.0,420.0,14064.0,22046.0,2185.0,6635.0,20.0,268.0,20709.0,690.0,0.0,2445.0,451.0,126.0,4917.0,441.0,13823.0,3384.0,4916.0,2043.0,2431.0,10127.0,6548.0,6130.0,16170.0,157767.0,2020-12-03
3464.0,2674.0,2900.0,318.0,5176.0,1468.0,189.0,550.0,8083.0,17270.0,2199.0,4136.0,21.0,254.0,19347.0,612.0,42.0,2106.0,140.0,102.0,4042.0,324.0,9113.0,2401.0,4272.0,1254.0,1321.0,9331.0,5819.0,3760.0,13429.0,126117.0,2020-12-02
2348.0,3293.0,1830.0,182.0,3575.0,1129.0,256.0,283.0,4005.0,13604.0,1044.0,3951.0,11.0,303.0,16376.0,100.0,29.0,1190.0,565.0,121.0,4562.0,1079.0,5736.0,3262.0,3826.0,196.0,433.0,8257.0,3488.0,8753.0,12330.0,106117.0,2020-12-01
3907.0,560.0,2919.0,152.0,1074.0,998.0,354.0,322.0,9784.0,11169.0,1193.0,5595.0,10.0,299.0,20646.0,414.0,0.0,1132.0,564.0,143.0,5578.0,0.0,11482.0,4093.0,5554.0,1101.0,1117.0,19979.0,2754.0,0.0,12155.0,125048.0,2020-11-30
4765.0,1004.0,3987.0,248.0,2665.0,1636.0,375.0,541.0,12500.0,14611.0,1747.0,6819.0,25.0,243.0,26315.0,753.0,0.0,1981.0,0.0,108.0,4452.0,0.0,15177.0,4868.0,8134.0,1526.0,1590.0,0.0,3825.0,0.0,15871.0,135766.0,2020-11-29
4818.0,2700.0,4080.0,310.0,4464.0,1323.0,368.0,618.0,12539.0,21695.0,1981.0,6268.0,23.0,205.0,28342.0,637.0,17.0,4455.0,1309.0,70.0,5733.0,480.0,17304.0,5444.0,8499.0,1849.0,1601.0,0.0,6461.0,4295.0,14739.0,162627.0,2020-11-28
5447.0,2413.0,4009.0,220.0,6305.0,1191.0,414.0,496.0,13563.0,22806.0,2018.0,6393.0,11.0,307.0,29001.0,898.0,41.0,2102.0,616.0,70.0,4467.0,553.0,16690.0,6383.0,9005.0,1953.0,1767.0,10853.0,6901.0,4468.0,17555.0,178916.0,2020-11-27
5896.0,2673.0,3603.0,254.0,2681.0,1183.0,382.0,363.0,16282.0,22268.0,2151.0,6360.0,14.0,257.0,25852.0,580.0,14.0,2262.0,373.0,69.0,4901.0,531.0,15356.0,5290.0,9739.0,1811.0,2226.0,12289.0,6061.0,4862.0,18213.0,174796.0,2020-11-26
4135.0,2867.0,2323.0,252.0,5896.0,1367.0,203.0,353.0,9155.0,18633.0,2131.0,3806.0,9.0,219.0,23227.0,457.0,20.0,1167.0,176.0,166.0,3919.0,416.0,32733.0,3919.0,7753.0,1021.0,1302.0,10222.0,5674.0,4221.0,11299.0,159041.0,2020-11-25
3090.0,3953.0,1973.0,304.0,4375.0,1169.0,232.0,297.0,4452.0,13554.0,1387.0,3929.0,12.0,250.0,22927.0,116.0,69.0,1179.0,602.0,133.0,5163.0,1329.0,15002.0,4044.0,4207.0,231.0,470.0,12228.0,3874.0,9688.0,15450.0,135689.0,2020-11-24
5215.0,589.0,3308.0,187.0,1513.0,850.0,349.0,423.0,13157.0,10864.0,1498.0,3334.0,8.0,318.0,28337.0,376.0,3.0,2307.0,571.0,80.0,5382.0,0.0,17856.0,4788.0,5837.0,984.0,1024.0,25886.0,2422.0,0.0,18662.0,156128.0,2020-11-23
6239.0,1263.0,3573.0,245.0,3187.0,1273.0,299.0,469.0,17881.0,15741.0,2309.0,4320.0,18.0,341.0,34764.0,642.0,15.0,1983.0,519.0,102.0,6062.0,0.0,24213.0,6472.0,9685.0,1861.0,1704.0,0.0,4493.0,0.0,19875.0,169548.0,2020-11-22
6612.0,3081.0,2958.0,232.0,5808.0,1257.0,361.0,461.0,22882.0,22964.0,2551.0,4397.0,20.0,329.0,37239.0,380.0,22.0,2265.0,670.0,141.0,5919.0,670.0,22464.0,6489.0,9272.0,1818.0,1546.0,0.0,5458.0,4923.0,20252.0,193441.0,2020-11-21
6830.0,3019.0,3164.0,268.0,6471.0,1297.0,411.0,351.0,21150.0,23648.0,3227.0,4440.0,5.0,415.0,36176.0,366.0,21.0,1682.0,892.0,121.0,5638.0,655.0,23975.0,6994.0,10108.0,1665.0,2070.0,15156.0,7621.0,4988.0,22915.0,215739.0,2020-11-20
7766.0,3700.0,3251.0,198.0,5515.0,1257.0,271.0,288.0,28383.0,22609.0,3209.0,4512.0,11.0,372.0,34280.0,442.0,49.0,1934.0,425.0,140.0,4606.0,603.0,19883.0,5891.0,10269.0,1311.0,2027.0,16233.0,4961.0,6085.0,19609.0,210090.0,2020-11-19
5664.0,4828.0,1945.0,228.0,4246.0,1220.0,185.0,228.0,45522.0,17561.0,2422.0,4290.0,10.0,330.0,32191.0,278.0,13.0,965.0,164.0,173.0,4296.0,547.0,19152.0,4452.0,8262.0,1326.0,1393.0,15318.0,4460.0,4522.0,20051.0,206242.0,2020-11-18
4304.0,5821.0,1313.0,107.0,5407.0,1195.0,211.0,104.0,9406.0,14419.0,2198.0,5203.0,16.0,453.0,27352.0,89.0,4.0,1153.0,548.0,110.0,4822.0,1737.0,20816.0,8371.0,4931.0,509.0,502.0,13159.0,2543.0,12779.0,21363.0,170945.0,2020-11-17
5278.0,1057.0,2362.0,127.0,1887.0,1058.0,489.0,213.0,27228.0,10824.0,1695.0,6495.0,3.0,377.0,33977.0,316.0,15.0,1371.0,613.0,103.0,5408.0,0.0,21854.0,6035.0,7096.0,1200.0,920.0,38273.0,1582.0,0.0,24962.0,202818.0,2020-11-16
7192.0,2371.0,2866.0,198.0,4199.0,1078.0,0.0,244.0,32095.0,16947.0,2835.0,4238.0,16.0,427.0,37249.0,395.0,21.0,1509.0,713.0,117.0,5903.0,0.0,25571.0,6602.0,9460.0,1771.0,1737.0,0.0,3513.0,0.0,26860.0,196127.0,2020-11-15
8962.0,5709.0,3056.0,207.0,7355.0,1037.0,267.0,316.0,23794.0,22461.0,3038.0,4836.0,10.0,467.0,40902.0,455.0,24.0,2066.0,713.0,121.0,6086.0,723.0,24051.0,6653.0,9489.0,2024.0,1515.0,0.0,6731.0,6715.0,27301.0,217084.0,2020-11-14
10368.0,6482.0,3082.0,185.0,7870.0,1011.0,373.0,197.0,33172.0,23542.0,3316.0,5097.0,18.0,385.0,37977.0,533.0,31.0,1550.0,795.0,150.0,5627.0,618.0,22683.0,5839.0,10142.0,2591.0,1931.0,21371.0,5564.0,6893.0,33470.0,252863.0,2020-11-13
9643.0,2004.0,2597.0,165.0,8925.0,994.0,132.0,238.0,35879.0,21866.0,2751.0,3927.0,28.0,358.0,32961.0,453.0,32.0,1421.0,483.0,109.0,5400.0,564.0,25221.0,4935.0,9799.0,2058.0,2222.0,19511.0,5709.0,8238.0,22950.0,231573.0,2020-11-12
3839.0,7701.0,1467.0,198.0,9005.0,1066.0,126.0,220.0,22180.0,18487.0,2383.0,3945.0,13.0,230.0,35090.0,208.0,45.0,1086.0,176.0,141.0,4664.0,594.0,25454.0,3817.0,7304.0,1051.0,1092.0,19096.0,4498.0,5935.0,20412.0,201523.0,2020-11-11
5704.0,8636.0,1529.0,111.0,6047.0,771.0,125.0,90.0,20155.0,15332.0,1489.0,4140.0,23.0,265.0,25269.0,92.0,29.0,1056.0,570.0,153.0,4674.0,1502.0,21713.0,4096.0,3240.0,577.0,464.0,17395.0,3725.0,17245.0,21350.0,187567.0,2020-11-10
6006.0,1448.0,2543.0,116.0,3608.0,891.0,192.0,412.0,38619.0,13363.0,1889.0,5162.0,15.0,539.0,32614.0,215.0,23.0,1980.0,0.0,102.0,5659.0,0.0,24785.0,5784.0,6752.0,1828.0,890.0,52386.0,2097.0,0.0,20572.0,230490.0,2020-11-09
7898.0,3046.0,2399.0,314.0,7723.0,1050.0,228.0,0.0,86852.0,16017.0,2555.0,4673.0,24.0,317.0,39809.0,404.0,12.0,1972.0,675.0,102.0,6659.0,0.0,27875.0,6640.0,9937.0,2579.0,1613.0,0.0,4452.0,0.0,24957.0,260782.0,2020-11-08
6324.0,6648.0,2890.0,224.0,11552.0,1427.0,241.0,266.0,60486.0,23399.0,2447.0,5318.0,22.0,492.0,37802.0,357.0,50.0,1656.0,659.0,146.0,7232.0,650.0,27086.0,5550.0,10260.0,2354.0,1564.0,0.0,4453.0,9359.0,23287.0,254201.0,2020-11-07
7051.0,7659.0,2848.0,233.0,13229.0,1223.0,131.0,189.0,58046.0,21506.0,2915.0,4709.0,28.0,563.0,34502.0,367.0,30.0,999.0,803.0,129.0,6957.0,621.0,27143.0,4410.0,9714.0,1962.0,1686.0,22516.0,4744.0,10098.0,24138.0,271149.0,2020-11-06
6514.0,9230.0,2480.0,166.0,15731.0,936.0,208.0,293.0,40558.0,19990.0,2646.0,3928.0,32.0,435.0,30548.0,313.0,30.0,639.0,710.0,173.0,7622.0,620.0,24692.0,7497.0,8651.0,3216.0,2025.0,21908.0,4483.0,10043.0,25177.0,251494.0,2020-11-05
4445.0,12102.0,1427.0,174.0,12089.0,1353.0,79.0,237.0,36330.0,17214.0,2166.0,4219.0,26.0,298.0,28241.0,171.0,36.0,897.0,533.0,84.0,7729.0,700.0,19364.0,2596.0,7733.0,1727.0,1177.0,25042.0,3608.0,6090.0,20018.0,217905.0,2020-11-04
3160.0,13858.0,1165.0,197.0,9252.0,942.0,61.0,109.0,52518.0,15352.0,1151.0,3989.0,41.0,748.0,22253.0,132.0,56.0,837.0,319.0,106.0,8278.0,1071.0,15578.0,2506.0,4041.0,1883.0,557.0,18669.0,1570.0,21842.0,18950.0,221191.0,2020-11-03
4526.0,2666.0,2179.0,197.0,6542.0,948.0,80.0,178.0,49290.0,12097.0,1678.0,3581.0,25.0,546.0,29905.0,242.0,18.0,895.0,849.0,218.0,8673.0,0.0,17171.0,3062.0,5324.0,2282.0,1342.0,55019.0,1297.0,0.0,23254.0,234084.0,2020-11-02
5141.0,6308.0,2769.0,149.0,11429.0,1126.0,134.0,203.0,32641.0,14177.0,2055.0,3878.0,68.0,397.0,31756.0,215.0,10.0,1001.0,799.0,140.0,9790.0,0.0,21897.0,4007.0,5753.0,2573.0,1797.0,0.0,2987.0,0.0,21915.0,185115.0,2020-11-01
5243.0,15401.0,2772.0,166.0,13605.0,1191.0,100.0,344.0,49215.0,19059.0,1686.0,3908.0,78.0,762.0,31079.0,284.0,37.0,735.0,778.0,100.0,11102.0,497.0,21629.0,4656.0,6546.0,3363.0,1805.0,0.0,4055.0,9170.0,24405.0,233771.0,2020-10-31
4305.0,15090.0,2776.0,234.0,13055.0,860.0,81.0,188.0,47637.0,18681.0,1211.0,3286.0,48.0,863.0,26829.0,251.0,25.0,950.0,698.0,76.0,10248.0,403.0,20156.0,4224.0,6481.0,2785.0,2490.0,25595.0,3262.0,9361.0,23065.0,245214.0,2020-10-30
4149.0,17998.0,2378.0,0.0,12980.0,1017.0,125.0,215.0,36437.0,16774.0,1547.0,2194.0,97.0,667.0,24988.0,251.0,23.0,776.0,774.0,106.0,8092.0,322.0,18820.0,3960.0,5343.0,2887.0,2612.0,23580.0,3390.0,8155.0,24700.0,225357.0,2020-10-29
2698.0,22210.0,1413.0,181.0,15663.0,745.0,37.0,193.0,33417.0,14964.0,1256.0,2291.0,70.0,700.0,21989.0,136.0,25.0,413.0,485.0,76.0,10283.0,433.0,16300.0,3299.0,4724.0,901.0,1523.0,19765.0,2415.0,6362.0,22885.0,207852.0,2020-10-28
2512.0,19868.0,828.0,91.0,10273.0,1056.0,17.0,122.0,26771.0,11409.0,714.0,2079.0,56.0,939.0,17007.0,79.0,48.0,765.0,195.0,107.0,10324.0,676.0,10241.0,2447.0,2844.0,1312.0,1130.0,18418.0,1068.0,17357.0,20890.0,181643.0,2020-10-27
2766.0,4895.0,2421.0,101.0,7300.0,945.0,60.0,196.0,52010.0,8685.0,790.0,2316.0,54.0,1020.0,21273.0,211.0,25.0,606.0,491.0,80.0,10194.0,0.0,11742.0,2577.0,3855.0,3042.0,1673.0,52188.0,514.0,0.0,19790.0,211820.0,2020-10-26
2989.0,11557.0,2242.0,130.0,12474.0,789.0,51.0,178.0,45422.0,11176.0,935.0,3149.0,86.0,847.0,19640.0,259.0,10.0,474.0,862.0,122.0,8639.0,0.0,13628.0,3669.0,4761.0,2890.0,1964.0,0.0,1477.0,0.0,23012.0,173432.0,2020-10-25
3442.0,18876.0,1867.0,160.0,15258.0,859.0,53.0,219.0,42032.0,14714.0,841.0,1820.0,40.0,785.0,19143.0,250.0,42.0,441.0,518.0,115.0,9983.0,268.0,13632.0,2899.0,5028.0,2581.0,1662.0,0.0,1868.0,6592.0,20531.0,186519.0,2020-10-24
2570.0,17687.0,1563.0,188.0,14150.0,760.0,76.0,184.0,41622.0,11242.0,882.0,2066.0,38.0,1054.0,16078.0,161.0,26.0,424.0,662.0,121.0,9268.0,193.0,12107.0,3270.0,4902.0,1728.0,1668.0,19851.0,1666.0,4968.0,21238.0,192413.0,2020-10-23
2355.0,17485.0,1424.0,127.0,14969.0,630.0,44.0,222.0,26676.0,11287.0,865.0,2032.0,37.0,1166.0,15199.0,188.0,13.0,311.0,430.0,111.0,8738.0,168.0,10040.0,2535.0,4848.0,2202.0,1508.0,20986.0,1570.0,5596.0,26687.0,180449.0,2020-10-22
1803.0,19265.0,890.0,152.0,11984.0,529.0,42.0,294.0,20468.0,7595.0,667.0,1423.0,92.0,1263.0,10871.0,115.0,22.0,202.0,353.0,155.0,8149.0,147.0,9291.0,1876.0,3400.0,705.0,794.0,16973.0,1290.0,3008.0,21330.0,145148.0,2020-10-21
1054.0,15560.0,393.0,43.0,8077.0,452.0,7.0,131.0,13243.0,6868.0,432.0,989.0,46.0,1031.0,9337.0,44.0,3.0,205.0,242.0,134.0,7720.0,320.0,7482.0,1949.0,2466.0,860.0,537.0,13873.0,771.0,8737.0,18803.0,121809.0,2020-10-20
1062.0,4289.0,819.0,265.0,5058.0,451.0,26.0,131.0,29837.0,4325.0,438.0,1478.0,57.0,1284.0,11705.0,58.0,7.0,252.0,175.0,109.0,8439.0,0.0,8536.0,1856.0,3920.0,1567.0,728.0,37889.0,321.0,195.0,16981.0,142258.0,2020-10-19
2040.0,7995.0,1096.0,0.0,8715.0,500.0,35.0,160.0,32427.0,5587.0,482.0,1474.0,69.0,1251.0,10925.0,188.0,22.0,228.0,0.0,142.0,8105.0,0.0,9622.0,2153.0,3952.0,1968.0,898.0,0.0,697.0,0.0,16171.0,116902.0,2020-10-18
1691.0,13477.0,1131.0,198.0,11102.0,418.0,37.0,139.0,25086.0,7830.0,503.0,1791.0,92.0,998.0,10009.0,148.0,18.0,281.0,227.0,204.0,7978.0,183.0,7705.0,2608.0,4026.0,2075.0,834.0,0.0,1179.0,3087.0,15635.0,120690.0,2020-10-17
1396.0,11818.0,793.0,51.0,9720.0,430.0,33.0,291.0,30621.0,7334.0,452.0,1293.0,80.0,1186.0,8803.0,114.0,22.0,255.0,214.0,122.0,7779.0,162.0,8099.0,2101.0,4013.0,1929.0,746.0,15186.0,902.0,2690.0,18978.0,137613.0,2020-10-16
1606.0,12293.0,748.0,83.0,9543.0,492.0,39.0,204.0,22591.0,6638.0,435.0,950.0,89.0,1084.0,7332.0,102.0,0.0,139.0,190.0,112.0,7271.0,152.0,6526.0,2072.0,4016.0,1410.0,707.0,13318.0,968.0,2724.0,19724.0,123558.0,2020-10-15
1171.0,12577.0,372.0,0.0,8326.0,290.0,25.0,287.0,12993.0,5132.0,408.0,920.0,86.0,808.0,5898.0,75.0,6.0,118.0,109.0,111.0,7368.0,115.0,5068.0,1208.0,3109.0,531.0,399.0,11970.0,916.0,1439.0,17232.0,99067.0,2020-10-14
608.0,9735.0,181.0,61.0,4311.0,389.0,18.0,214.0,8505.0,4122.0,294.0,1285.0,56.0,823.0,4619.0,95.0,11.0,126.0,371.0,94.0,6844.0,303.0,4394.0,1249.0,2069.0,504.0,167.0,7118.0,637.0,4057.0,13972.0,77232.0,2020-10-13
1298.0,2403.0,508.0,0.0,3103.0,340.0,19.0,149.0,16101.0,2467.0,280.0,913.0,66.0,814.0,5456.0,74.0,0.0,159.0,0.0,68.0,6368.0,0.0,4178.0,1090.0,2880.0,1054.0,411.0,27856.0,161.0,0.0,12872.0,91088.0,2020-10-12
901.0,4310.0,486.0,35.0,4633.0,444.0,37.0,269.0,26896.0,3483.0,306.0,1068.0,87.0,1011.0,5724.0,89.0,0.0,205.0,0.0,95.0,6493.0,0.0,5300.0,1646.0,3517.0,1887.0,380.0,0.0,509.0,0.0,15165.0,84976.0,2020-10-11
1181.0,7789.0,457.0,33.0,8617.0,482.0,49.0,235.0,20339.0,4721.0,391.0,1374.0,106.0,617.0,5372.0,137.0,2.0,133.0,141.0,100.0,5959.0,209.0,4739.0,1394.0,3186.0,1184.0,363.0,0.0,783.0,1485.0,13864.0,85442.0,2020-10-10
1221.0,6588.0,542.0,21.0,5397.0,446.0,45.0,296.0,18129.0,4516.0,434.0,1176.0,95.0,502.0,4458.0,109.0,6.0,142.0,100.0,75.0,5813.0,228.0,4280.0,1278.0,3130.0,1037.0,387.0,12788.0,834.0,2243.0,17540.0,93856.0,2020-10-09
947.0,6803.0,363.0,21.0,5338.0,331.0,56.0,120.0,18746.0,4058.0,406.0,932.0,91.0,609.0,3677.0,67.0,0.0,117.0,140.0,64.0,4979.0,180.0,3003.0,944.0,2958.0,877.0,356.0,12423.0,831.0,0.0,14162.0,83599.0,2020-10-08
549.0,5687.0,287.0,29.0,4456.0,322.0,42.0,227.0,10489.0,2828.0,399.0,816.0,101.0,424.0,2677.0,68.0,1.0,81.0,54.0,68.0,4517.0,147.0,2236.0,427.0,2121.0,320.0,194.0,10491.0,786.0,699.0,14542.0,66085.0,2020-10-07
1268.0,5249.0,138.0,23.0,3120.0,377.0,10.0,164.0,5104.0,2639.0,300.0,818.0,59.0,519.0,2257.0,40.0,3.0,100.0,216.0,47.0,4572.0,308.0,3940.0,1638.0,3426.0,353.0,76.0,11998.0,374.0,1540.0,12593.0,63269.0,2020-10-06
599.0,1035.0,258.0,13.0,1841.0,378.0,30.0,294.0,12545.0,1382.0,229.0,905.0,49.0,364.0,2578.0,67.0,3.0,104.0,0.0,57.0,4000.0,0.0,0.0,0.0,0.0,818.0,168.0,23480.0,156.0,0.0,22961.0,74314.0,2020-10-05
830.0,1709.0,241.0,22.0,2554.0,370.0,70.0,40.0,16972.0,2279.0,267.0,858.0,63.0,605.0,2843.0,74.0,2.0,125.0,0.0,66.0,3963.0,0.0,2367.0,963.0,2064.0,704.0,227.0,0.0,461.0,0.0,12871.0,53610.0,2020-10-04
872.0,3721.0,333.0,17.0,3796.0,536.0,57.0,101.0,12148.0,2563.0,460.0,1086.0,40.0,466.0,2499.0,77.0,1.0,172.0,114.0,65.0,3820.0,122.0,2292.0,888.0,2343.0,679.0,238.0,0.0,712.0,551.0,6968.0,47737.0,2020-10-03
564.0,3410.0,234.0,17.0,5336.0,398.0,79.0,111.0,13970.0,2673.0,411.0,1322.0,41.0,442.0,2548.0,44.0,0.0,91.0,86.0,44.0,3253.0,113.0,1967.0,854.0,2086.0,797.0,175.0,11325.0,633.0,550.0,6914.0,60488.0,2020-10-02
1146.0,3243.0,213.0,12.0,1076.0,534.0,56.0,100.0,12845.0,2503.0,352.0,848.0,33.0,415.0,1850.0,95.0,0.0,115.0,78.0,37.0,3293.0,126.0,1552.0,825.0,2158.0,567.0,203.0,9419.0,689.0,411.0,7108.0,51902.0,2020-10-01
722.0,2984.0,135.0,30.0,1960.0,392.0,48.0,158.0,8051.0,1798.0,416.0,894.0,32.0,362.0,1647.0,32.0,2.0,88.0,55.0,23.0,3001.0,90.0,1326.0,688.0,1470.0,231.0,93.0,11016.0,613.0,223.0,7143.0,45723.0,2020-09-30
419.0,2782.0,48.0,17.0,1286.0,435.0,67.0,52.0,4070.0,2089.0,263.0,851.0,40.0,388.0,1494.0,21.0,1.0,105.0,19.0,19.0,2909.0,292.0,1306.0,425.0,1271.0,265.0,44.0,9906.0,378.0,664.0,4044.0,35970.0,2020-09-29
526.0,540.0,190.0,12.0,1303.0,424.0,35.0,105.0,11123.0,1192.0,216.0,702.0,22.0,430.0,1766.0,22.0,0.0,90.0,46.0,27.0,2989.0,0.0,1350.0,665.0,1438.0,478.0,159.0,31785.0,167.0,0.0,5692.0,63494.0,2020-09-28
623.0,944.0,212.0,13.0,1976.0,619.0,47.0,93.0,14412.0,1410.0,315.0,937.0,40.0,245.0,1869.0,29.0,0.0,111.0,78.0,21.0,2711.0,0.0,1584.0,884.0,1552.0,552.0,184.0,0.0,325.0,117.0,6041.0,37944.0,2020-09-27
1071.0,1623.0,223.0,8.0,2944.0,678.0,42.0,105.0,15797.0,2507.0,286.0,950.0,49.0,321.0,1912.0,31.0,0.0,114.0,75.0,29.0,2776.0,131.0,1587.0,899.0,1629.0,419.0,191.0,0.0,630.0,255.0,6873.0,44155.0,2020-09-26
688.0,1796.0,232.0,9.0,2910.0,559.0,43.0,91.0,16096.0,2153.0,341.0,927.0,36.0,319.0,1786.0,22.0,0.0,138.0,68.0,31.0,2541.0,123.0,1136.0,691.0,1639.0,360.0,122.0,12272.0,540.0,508.0,6634.0,54811.0,2020-09-25
661.0,2097.0,204.0,36.0,2306.0,558.0,57.0,93.0,13072.0,2143.0,358.0,750.0,57.0,231.0,1640.0,12.0,1.0,73.0,74.0,42.0,2351.0,152.0,974.0,802.0,1767.0,338.0,136.0,10653.0,553.0,436.0,6178.0,48805.0,2020-09-24
747.0,2074.0,144.0,15.0,2394.0,476.0,35.0,149.0,10008.0,1769.0,333.0,951.0,42.0,323.0,1391.0,34.0,2.0,45.0,100.0,42.0,2243.0,104.0,711.0,463.0,1059.0,175.0,88.0,11289.0,438.0,284.0,4926.0,42854.0,2020-09-23
593.0,2204.0,70.0,3.0,1524.0,1476.0,17.0,66.0,4298.0,1821.0,453.0,633.0,31.0,188.0,1350.0,1.0,2.0,70.0,112.0,38.0,2215.0,251.0,748.0,623.0,808.0,79.0,50.0,10799.0,266.0,1093.0,4368.0,36250.0,2020-09-22
609.0,461.0,197.0,20.0,934.0,0.0,49.0,58.0,11569.0,922.0,164.0,876.0,39.0,395.0,1587.0,10.0,0.0,80.0,86.0,46.0,1843.0,0.0,910.0,552.0,1231.0,131.0,111.0,31428.0,132.0,0.0,3899.0,58339.0,2020-09-21
757.0,894.0,212.0,15.0,2044.0,0.0,61.0,64.0,13498.0,1345.0,240.0,1070.0,77.0,267.0,1637.0,17.0,0.0,99.0,0.0,32.0,1882.0,0.0,1002.0,849.0,1333.0,290.0,114.0,0.0,279.0,0.0,4422.0,32500.0,2020-09-20
821.0,1709.0,234.0,7.0,2107.0,454.0,36.0,59.0,13215.0,2297.0,338.0,809.0,24.0,248.0,1907.0,4.0,1.0,61.0,177.0,65.0,1972.0,146.0,757.0,780.0,1527.0,235.0,137.0,0.0,437.0,487.0,4322.0,35373.0,2020-09-19
922.0,1752.0,250.0,10.0,3123.0,822.0,22.0,49.0,10593.0,1916.0,359.0,941.0,17.0,224.0,1583.0,8.0,0.0,62.0,147.0,38.0,1750.0,106.0,837.0,770.0,1679.0,161.0,98.0,14389.0,389.0,530.0,3395.0,46942.0,2020-09-18
704.0,1942.0,280.0,8.0,2136.0,442.0,34.0,25.0,9784.0,2194.0,311.0,710.0,15.0,250.0,1452.0,4.0,0.0,0.0,110.0,35.0,1540.0,116.0,600.0,605.0,1713.0,92.0,123.0,11291.0,330.0,514.0,3991.0,41351.0,2020-09-17
860.0,1628.0,151.0,6.0,1674.0,329.0,24.0,98.0,7852.0,1901.0,310.0,1307.0,6.0,357.0,1229.0,5.0,0.0,56.0,40.0,106.0,1376.0,122.0,605.0,425.0,1111.0,188.0,82.0,11193.0,292.0,315.0,3103.0,36751.0,2020-09-16
549.0,1727.0,65.0,8.0,1034.0,584.0,22.0,47.0,6158.0,1407.0,180.0,844.0,3.0,207.0,1008.0,3.0,0.0,51.0,50.0,49.0,1298.0,289.0,377.0,613.0,692.0,48.0,53.0,9437.0,220.0,257.0,2621.0,29901.0,2020-09-15
384.0,301.0,165.0,3.0,787.0,0.0,21.0,23.0,7183.0,927.0,204.0,484.0,3.0,255.0,1456.0,10.0,2.0,39.0,35.0,53.0,1086.0,0.0,502.0,673.0,1109.0,79.0,99.0,27404.0,106.0,473.0,3330.0,47196.0,2020-09-14
495.0,617.0,261.0,3.0,1541.0,0.0,23.0,45.0,10561.0,948.0,302.0,916.0,1.0,159.0,1501.0,5.0,0.0,53.0,0.0,78.0,1231.0,0.0,603.0,497.0,1311.0,201.0,105.0,0.0,206.0,465.0,3497.0,25625.0,2020-09-13
1005.0,1284.0,190.0,3.0,1447.0,292.0,32.0,43.0,9406.0,1630.0,282.0,718.0,4.0,211.0,1616.0,11.0,0.0,44.0,71.0,27.0,1268.0,120.0,594.0,687.0,1391.0,231.0,110.0,0.0,291.0,528.0,3539.0,27075.0,2020-09-12
497.0,1143.0,291.0,3.0,1377.0,317.0,15.0,39.0,9843.0,1484.0,372.0,476.0,4.0,196.0,1597.0,5.0,0.0,36.0,65.0,43.0,823.0,122.0,506.0,585.0,1380.0,133.0,76.0,12183.0,254.0,405.0,2919.0,37189.0,2020-09-11
754.0,1024.0,341.0,3.0,1159.0,251.0,22.0,93.0,8577.0,1892.0,248.0,411.0,3.0,84.0,1430.0,11.0,1.0,32.0,49.0,42.0,1140.0,105.0,421.0,646.0,1271.0,161.0,80.0,10764.0,314.0,468.0,2659.0,34456.0,2020-09-10
495.0,871.0,204.0,1.0,1161.0,243.0,32.0,10.0,6544.0,1176.0,169.0,341.0,7.0,306.0,1369.0,3.0,0.0,31.0,24.0,63.0,963.0,132.0,400.0,388.0,1136.0,91.0,42.0,8866.0,236.0,245.0,2460.0,28009.0,2020-09-09
511.0,918.0,117.0,1.0,560.0,566.0,16.0,36.0,4203.0,1499.0,139.0,576.0,2.0,102.0,1150.0,1.0,0.0,17.0,54.0,23.0,797.0,267.0,302.0,249.0,883.0,22.0,16.0,8964.0,185.0,191.0,2948.0,25315.0,2020-09-08
220.0,155.0,225.0,2.0,404.0,0.0,25.0,30.0,7071.0,814.0,138.0,495.0,5.0,138.0,1296.0,3.0,0.0,43.0,42.0,37.0,925.0,0.0,437.0,315.0,1150.0,88.0,43.0,26560.0,67.0,444.0,2988.0,44160.0,2020-09-07
208.0,322.0,311.0,9.0,503.0,0.0,34.0,36.0,8550.0,988.0,186.0,510.0,1.0,231.0,1694.0,9.0,0.0,36.0,0.0,25.0,654.0,0.0,567.0,486.0,1269.0,226.0,43.0,0.0,171.0,425.0,1813.0,19307.0,2020-09-06
271.0,728.0,334.0,0.0,797.0,173.0,15.0,25.0,8975.0,1378.0,202.0,459.0,7.0,97.0,1732.0,6.0,0.0,26.0,109.0,30.0,744.0,85.0,691.0,406.0,1339.0,137.0,47.0,0.0,262.0,297.0,1940.0,21312.0,2020-09-05
312.0,677.0,369.0,3.0,679.0,179.0,26.0,39.0,7157.0,1453.0,241.0,301.0,7.0,92.0,1397.0,4.0,0.0,20.0,0.0,19.0,421.0,164.0,612.0,418.0,1365.0,121.0,53.0,10476.0,286.0,472.0,1735.0,29098.0,2020-09-04
442.0,574.0,311.0,5.0,656.0,111.0,20.0,19.0,7017.0,1311.0,233.0,365.0,5.0,89.0,1326.0,2.0,0.0,29.0,68.0,34.0,914.0,88.0,595.0,390.0,1298.0,53.0,55.0,8959.0,213.0,370.0,1508.0,27060.0,2020-09-03
337.0,565.0,145.0,2.0,499.0,99.0,20.0,56.0,4982.0,1256.0,207.0,118.0,9.0,214.0,975.0,8.0,0.0,23.0,0.0,21.0,461.0,139.0,550.0,231.0,1053.0,72.0,41.0,8581.0,171.0,216.0,1295.0,22346.0,2020-09-02
186.0,634.0,146.0,1.0,251.0,285.0,2.0,9.0,3082.0,1218.0,183.0,178.0,2.0,51.0,996.0,3.0,0.0,32.0,52.0,26.0,525.0,101.0,502.0,244.0,755.0,41.0,27.0,8115.0,162.0,163.0,1406.0,19378.0,2020-09-01
281.0,117.0,262.0,4.0,273.0,0.0,10.0,28.0,5413.0,610.0,157.0,292.0,5.0,40.0,1365.0,18.0,1.0,35.0,45.0,21.0,508.0,0.0,631.0,320.0,952.0,34.0,31.0,23572.0,48.0,291.0,1715.0,37079.0,2020-08-31
174.0,195.0,312.0,2.0,317.0,0.0,20.0,7.0,5453.0,785.0,177.0,158.0,8.0,141.0,1444.0,0.0,1.0,29.0,0.0,15.0,500.0,0.0,759.0,374.0,1365.0,114.0,37.0,0.0,131.0,375.0,1108.0,14001.0,2020-08-30
382.0,614.0,357.0,0.0,477.0,73.0,18.0,23.0,7379.0,1479.0,269.0,132.0,5.0,126.0,1460.0,9.0,0.0,48.0,37.0,28.0,507.0,38.0,791.0,401.0,1318.0,102.0,42.0,0.0,179.0,340.0,1276.0,17910.0,2020-08-29
227.0,535.0,304.0,0.0,349.0,90.0,14.0,17.0,6111.0,1571.0,251.0,91.0,5.0,90.0,1409.0,6.0,1.0,36.0,-1385.0,32.0,510.0,51.0,887.0,399.0,1504.0,90.0,33.0,9779.0,202.0,360.0,1522.0,25091.0,2020-08-28
316.0,526.0,358.0,7.0,403.0,57.0,17.0,21.0,5429.0,1507.0,293.0,73.0,5.0,162.0,1366.0,18.0,4.0,32.0,90.0,37.0,570.0,59.0,729.0,362.0,1256.0,84.0,36.0,9658.0,244.0,379.0,1048.0,25146.0,2020-08-27
291.0,527.0,219.0,23.0,367.0,83.0,19.0,43.0,3304.0,1576.0,168.0,24.0,4.0,85.0,876.0,5.0,0.0,21.0,44.0,46.0,414.0,72.0,763.0,192.0,1060.0,28.0,21.0,7296.0,222.0,202.0,1184.0,19179.0,2020-08-26
308.0,607.0,136.0,30.0,258.0,270.0,3.0,18.0,1955.0,1278.0,155.0,36.0,9.0,147.0,953.0,0.0,0.0,38.0,90.0,38.0,572.0,126.0,548.0,123.0,805.0,68.0,14.0,7117.0,174.0,157.0,972.0,17005.0,2020-08-25
140.0,115.0,275.0,4.0,133.0,0.0,7.0,14.0,4897.0,711.0,283.0,22.0,6.0,61.0,1209.0,4.0,0.0,41.0,0.0,57.0,456.0,0.0,581.0,145.0,981.0,40.0,34.0,19382.0,57.0,276.0,1041.0,30972.0,2020-08-24
216.0,203.0,306.0,11.0,239.0,0.0,21.0,35.0,3602.0,782.0,243.0,35.0,8.0,153.0,1071.0,3.0,1.0,30.0,0.0,35.0,508.0,0.0,900.0,241.0,1189.0,91.0,43.0,0.0,160.0,294.0,1288.0,11708.0,2020-08-23
275.0,510.0,265.0,11.0,506.0,71.0,17.0,29.0,4586.0,2034.0,204.0,52.0,10.0,79.0,947.0,3.0,0.0,36.0,67.0,31.0,534.0,35.0,903.0,219.0,1392.0,123.0,38.0,0.0,298.0,306.0,1033.0,14614.0,2020-08-22
308.0,581.0,255.0,10.0,247.0,116.0,20.0,37.0,4771.0,1427.0,250.0,44.0,5.0,129.0,840.0,1.0,2.0,32.0,71.0,36.0,529.0,51.0,767.0,291.0,1346.0,80.0,43.0,8148.0,333.0,264.0,1182.0,22216.0,2020-08-21
425.0,612.0,219.0,26.0,315.0,85.0,7.0,29.0,3776.0,1707.0,212.0,32.0,8.0,48.0,642.0,3.0,1.0,22.0,67.0,40.0,552.0,51.0,735.0,253.0,1409.0,100.0,37.0,7039.0,351.0,310.0,812.0,19925.0,2020-08-20
158.0,725.0,199.0,8.0,281.0,115.0,8.0,24.0,2238.0,1510.0,250.0,0.0,13.0,186.0,401.0,0.0,3.0,38.0,30.0,47.0,487.0,56.0,597.0,214.0,1014.0,15.0,18.0,6671.0,314.0,196.0,1089.0,16905.0,2020-08-19
344.0,707.0,85.0,19.0,190.0,123.0,2.0,21.0,493.0,1390.0,147.0,54.0,3.0,56.0,320.0,1.0,1.0,20.0,30.0,49.0,481.0,154.0,595.0,132.0,733.0,5.0,22.0,5114.0,174.0,125.0,713.0,12303.0,2020-08-18
162.0,132.0,151.0,0.0,121.0,134.0,6.0,11.0,3015.0,561.0,217.0,39.0,12.0,66.0,477.0,7.0,0.0,30.0,0.0,68.0,506.0,0.0,594.0,121.0,1087.0,47.0,15.0,16269.0,63.0,200.0,1040.0,25151.0,2020-08-17
260.0,163.0,162.0,14.0,198.0,104.0,7.0,20.0,3310.0,625.0,226.0,24.0,16.0,196.0,629.0,7.0,2.0,34.0,34.0,63.0,652.0,0.0,771.0,198.0,1328.0,54.0,32.0,0.0,226.0,251.0,1077.0,10683.0,2020-08-16
221.0,587.0,208.0,13.0,292.0,165.0,3.0,17.0,2846.0,1415.0,251.0,40.0,7.0,66.0,574.0,1.0,0.0,22.0,37.0,72.0,636.0,67.0,832.0,235.0,1415.0,62.0,37.0,0.0,344.0,268.0,1440.0,12173.0,2020-08-15
229.0,669.0,180.0,14.0,326.0,144.0,0.0,41.0,2669.0,1449.0,204.0,45.0,4.0,91.0,522.0,4.0,1.0,21.0,68.0,31.0,577.0,33.0,811.0,325.0,1454.0,49.0,29.0,5479.0,363.0,233.0,1129.0,17194.0,2020-08-14
241.0,609.0,130.0,14.0,292.0,111.0,7.0,19.0,2524.0,1445.0,235.0,22.0,4.0,37.0,476.0,0.0,1.0,26.0,58.0,55.0,654.0,66.0,715.0,278.0,1415.0,75.0,31.0,7550.0,443.0,273.0,1009.0,18815.0,2020-08-13
138.0,718.0,91.0,25.0,289.0,144.0,9.0,22.0,1397.0,1226.0,193.0,15.0,6.0,33.0,412.0,10.0,0.0,18.0,26.0,49.0,779.0,46.0,551.0,120.0,1215.0,16.0,17.0,3172.0,417.0,187.0,1148.0,12489.0,2020-08-12
111.0,873.0,45.0,10.0,139.0,373.0,6.0,17.0,4854.0,966.0,126.0,35.0,4.0,56.0,259.0,3.0,0.0,13.0,103.0,29.0,575.0,170.0,619.0,157.0,779.0,3.0,6.0,3632.0,196.0,105.0,816.0,15080.0,2020-08-11
76.0,122.0,61.0,9.0,120.0,0.0,5.0,16.0,0.0,436.0,202.0,43.0,3.0,68.0,463.0,2.0,0.0,21.0,0.0,23.0,577.0,0.0,624.0,131.0,1145.0,30.0,2.0,8618.0,73.0,152.0,1062.0,14084.0,2020-08-10
116.0,304.0,77.0,11.0,175.0,0.0,14.0,14.0,0.0,555.0,151.0,32.0,3.0,174.0,347.0,7.0,0.0,37.0,0.0,54.0,486.0,0.0,843.0,186.0,1350.0,43.0,14.0,0.0,260.0,182.0,758.0,6193.0,2020-08-09
130.0,771.0,62.0,14.0,320.0,136.0,9.0,22.0,2288.0,1122.0,147.0,24.0,20.0,98.0,552.0,6.0,0.0,23.0,40.0,40.0,519.0,59.0,809.0,290.0,1378.0,43.0,10.0,0.0,380.0,161.0,871.0,10344.0,2020-08-08
114.0,769.0,28.0,13.0,211.0,121.0,11.0,20.0,1604.0,1147.0,150.0,33.0,6.0,69.0,401.0,18.0,0.0,24.0,66.0,50.0,601.0,47.0,726.0,213.0,1345.0,63.0,15.0,4507.0,378.0,181.0,950.0,13881.0,2020-08-07
103.0,776.0,58.0,15.0,243.0,112.0,22.0,29.0,1695.0,1045.0,118.0,11.0,8.0,50.0,384.0,8.0,0.0,10.0,90.0,19.0,426.0,29.0,640.0,167.0,1309.0,49.0,18.0,4088.0,425.0,181.0,891.0,13019.0,2020-08-06
131.0,814.0,22.0,25.0,278.0,77.0,11.0,17.0,1039.0,741.0,118.0,9.0,3.0,45.0,190.0,3.0,0.0,17.0,53.0,21.0,540.0,65.0,680.0,112.0,1232.0,14.0,9.0,2953.0,333.0,130.0,670.0,10352.0,2020-08-05
32.0,794.0,36.0,5.0,208.0,207.0,1.0,13.0,3376.0,879.0,75.0,9.0,8.0,46.0,159.0,3.0,0.0,10.0,169.0,16.0,372.0,60.0,575.0,106.0,823.0,10.0,1.0,5760.0,165.0,66.0,928.0,14912.0,2020-08-04
85.0,148.0,36.0,26.0,101.0,0.0,7.0,10.0,0.0,509.0,75.0,9.0,14.0,53.0,238.0,5.0,0.0,17.0,0.0,14.0,311.0,0.0,548.0,153.0,1075.0,7.0,9.0,8532.0,38.0,49.0,743.0,12812.0,2020-08-03
126.0,309.0,86.0,10.0,125.0,0.0,8.0,11.0,0.0,240.0,110.0,21.0,8.0,44.0,295.0,7.0,0.0,18.0,0.0,15.0,431.0,0.0,658.0,238.0,1225.0,45.0,6.0,0.0,303.0,342.0,771.0,5452.0,2020-08-02
89.0,684.0,67.0,30.0,232.0,64.0,13.0,9.0,1346.0,955.0,76.0,0.0,13.0,38.0,379.0,3.0,0.0,13.0,79.0,18.0,338.0,36.0,657.0,204.0,1295.0,27.0,26.0,0.0,258.0,137.0,880.0,7966.0,2020-08-01
163.0,635.0,78.0,4.0,249.0,91.0,9.0,9.0,1377.0,870.0,65.0,21.0,11.0,85.0,382.0,4.0,1.0,19.0,83.0,9.0,342.0,22.0,615.0,255.0,1356.0,20.0,24.0,3092.0,302.0,219.0,846.0,11258.0,2020-07-31
164.0,703.0,70.0,13.0,294.0,57.0,4.0,10.0,1392.0,902.0,57.0,19.0,4.0,13.0,288.0,4.0,1.0,16.0,158.0,9.0,247.0,18.0,512.0,203.0,1182.0,41.0,14.0,2789.0,301.0,192.0,763.0,10440.0,2020-07-30
132.0,685.0,42.0,7.0,283.0,30.0,0.0,6.0,725.0,684.0,52.0,9.0,3.0,37.0,202.0,0.0,0.0,8.0,54.0,13.0,223.0,15.0,502.0,111.0,1151.0,23.0,14.0,2031.0,283.0,132.0,70.0,7527.0,2020-07-29
64.0,595.0,24.0,3.0,192.0,109.0,4.0,5.0,2551.0,633.0,34.0,8.0,7.0,11.0,168.0,1.0,0.0,11.0,49.0,6.0,205.0,32.0,337.0,135.0,1104.0,2.0,5.0,1828.0,71.0,65.0,371.0,8630.0,2020-07-28
137.0,184.0,65.0,4.0,112.0,0.0,1.0,5.0,0.0,340.0,27.0,13.0,4.0,12.0,254.0,13.0,0.0,7.0,83.0,1.0,214.0,0.0,443.0,209.0,1120.0,38.0,16.0,6361.0,42.0,110.0,421.0,10236.0,2020-07-27
120.0,229.0,77.0,6.0,131.0,0.0,5.0,8.0,0.0,305.0,31.0,11.0,0.0,24.0,274.0,1.0,0.0,15.0,133.0,14.0,137.0,0.0,584.0,263.0,1284.0,23.0,14.0,0.0,138.0,148.0,667.0,4642.0,2020-07-26
107.0,496.0,81.0,2.0,281.0,48.0,1.0,8.0,1130.0,781.0,25.0,26.0,2.0,19.0,252.0,2.0,0.0,26.0,104.0,4.0,191.0,23.0,458.0,313.0,1119.0,29.0,19.0,0.0,262.0,154.0,731.0,6694.0,2020-07-25
164.0,439.0,104.0,5.0,230.0,40.0,2.0,10.0,1062.0,815.0,33.0,18.0,1.0,7.0,306.0,6.0,0.0,0.0,98.0,2.0,163.0,9.0,418.0,229.0,1112.0,31.0,18.0,2255.0,220.0,117.0,773.0,8687.0,2020-07-24
140.0,553.0,108.0,0.0,246.0,48.0,3.0,11.0,998.0,569.0,29.0,14.0,1.0,17.0,280.0,4.0,0.0,11.0,129.0,1.0,168.0,15.0,380.0,252.0,1030.0,37.0,38.0,2615.0,297.0,141.0,751.0,8886.0,2020-07-23
139.0,145.0,52.0,2.0,226.0,40.0,1.0,11.0,584.0,454.0,36.0,19.0,0.0,36.0,128.0,1.0,0.0,2.0,120.0,2.0,163.0,10.0,399.0,127.0,994.0,41.0,24.0,1357.0,226.0,108.0,793.0,6240.0,2020-07-22
108.0,443.0,16.0,0.0,153.0,89.0,0.0,2.0,2080.0,522.0,5.0,14.0,0.0,6.0,190.0,0.0,0.0,15.0,122.0,0.0,185.0,13.0,279.0,135.0,681.0,1.0,7.0,1358.0,131.0,43.0,413.0,7011.0,2020-07-21
63.0,64.0,119.0,1.0,90.0,0.0,0.0,20.0,0.0,249.0,24.0,18.0,1.0,10.0,218.0,3.0,1.0,17.0,74.0,1.0,144.0,0.0,358.0,246.0,767.0,3.0,6.0,4581.0,110.0,98.0,493.0,7779.0,2020-07-20
102.0,130.0,98.0,6.0,113.0,0.0,1.0,17.0,0.0,202.0,19.0,22.0,2.0,20.0,249.0,4.0,0.0,7.0,124.0,0.0,127.0,0.0,339.0,313.0,889.0,11.0,24.0,0.0,191.0,110.0,569.0,3689.0,2020-07-19
138.0,274.0,98.0,0.0,130.0,49.0,4.0,8.0,836.0,529.0,25.0,14.0,0.0,32.0,231.0,6.0,1.0,6.0,163.0,1.0,103.0,4.0,353.0,312.0,799.0,14.0,19.0,0.0,284.0,91.0,704.0,5228.0,2020-07-18
153.0,226.0,86.0,8.0,137.0,32.0,0.0,0.0,534.0,583.0,29.0,16.0,1.0,15.0,230.0,1.0,0.0,20.0,66.0,0.0,99.0,10.0,274.0,339.0,777.0,24.0,19.0,1400.0,268.0,142.0,772.0,6261.0,2020-07-17
55.0,260.0,126.0,1.0,134.0,31.0,1.0,0.0,927.0,534.0,27.0,0.0,0.0,13.0,162.0,0.0,0.0,7.0,0.0,0.0,106.0,17.0,323.0,375.0,641.0,19.0,19.0,1361.0,287.0,132.0,685.0,6243.0,2020-07-16
201.0,207.0,52.0,0.0,103.0,24.0,1.0,0.0,0.0,351.0,57.0,16.0,2.0,32.0,114.0,4.0,0.0,1.0,100.0,0.0,53.0,3.0,267.0,233.0,637.0,6.0,10.0,875.0,312.0,70.0,726.0,4457.0,2020-07-15
12.0,224.0,53.0,1.0,64.0,91.0,0.0,1.0,1625.0,412.0,23.0,13.0,0.0,10.0,169.0,1.0,0.0,5.0,31.0,0.0,71.0,16.0,299.0,306.0,413.0,1.0,8.0,666.0,170.0,63.0,361.0,5109.0,2020-07-14
52.0,43.0,50.0,7.0,59.0,0.0,0.0,2.0,0.0,159.0,31.0,5.0,0.0,17.0,234.0,0.0,0.0,4.0,83.0,0.0,101.0,0.0,370.0,291.0,456.0,8.0,14.0,2045.0,106.0,85.0,442.0,4664.0,2020-07-13
108.0,62.0,140.0,1.0,53.0,0.0,1.0,0.0,0.0,248.0,40.0,6.0,0.0,22.0,188.0,19.0,0.0,4.0,65.0,0.0,81.0,0.0,305.0,542.0,698.0,23.0,34.0,0.0,308.0,108.0,565.0,3621.0,2020-07-12
74.0,127.0,116.0,3.0,143.0,30.0,2.0,3.0,658.0,378.0,60.0,3.0,0.0,24.0,276.0,0.0,0.0,4.0,58.0,0.0,42.0,11.0,265.0,402.0,592.0,19.0,17.0,0.0,369.0,104.0,715.0,4495.0,2020-07-11
97.0,124.0,91.0,2.0,105.0,16.0,8.0,4.0,621.0,395.0,50.0,10.0,0.0,23.0,214.0,13.0,0.0,3.0,69.0,0.0,52.0,7.0,262.0,418.0,614.0,53.0,13.0,852.0,334.0,88.0,693.0,5231.0,2020-07-10
101.0,137.0,53.0,3.0,129.0,12.0,8.0,7.0,663.0,442.0,33.0,5.0,0.0,4.0,193.0,7.0,0.0,10.0,47.0,1.0,52.0,11.0,277.0,443.0,555.0,31.0,24.0,543.0,533.0,129.0,597.0,5050.0,2020-07-09
89.0,99.0,52.0,1.0,119.0,10.0,1.0,1.0,475.0,397.0,27.0,16.0,1.0,7.0,137.0,7.0,0.0,3.0,61.0,0.0,37.0,6.0,257.0,287.0,397.0,2.0,23.0,383.0,278.0,54.0,704.0,3931.0,2020-07-08
57.0,112.0,69.0,1.0,51.0,46.0,1.0,3.0,1375.0,390.0,43.0,6.0,2.0,4.0,208.0,3.0,1.0,5.0,20.0,1.0,36.0,35.0,205.0,232.0,250.0,1.0,16.0,341.0,251.0,46.0,555.0,4366.0,2020-07-07
73.0,24.0,57.0,1.0,75.0,0.0,0.0,2.0,0.0,219.0,8.0,0.0,0.0,18.0,192.0,1.0,0.0,5.0,46.0,0.0,73.0,0.0,231.0,328.0,391.0,15.0,21.0,1244.0,315.0,70.0,401.0,3810.0,2020-07-06
123.0,64.0,86.0,3.0,121.0,0.0,2.0,1.0,0.0,239.0,25.0,11.0,0.0,11.0,235.0,1.0,0.0,3.0,29.0,0.0,61.0,0.0,314.0,413.0,416.0,29.0,30.0,0.0,364.0,97.0,579.0,3257.0,2020-07-05
121.0,94.0,96.0,0.0,141.0,17.0,1.0,28.0,582.0,422.0,28.0,6.0,0.0,9.0,223.0,0.0,1.0,3.0,52.0,0.0,75.0,0.0,259.0,374.0,420.0,20.0,16.0,0.0,694.0,133.0,602.0,4417.0,2020-07-04
138.0,93.0,81.0,0.0,132.0,21.0,1.0,5.0,659.0,446.0,26.0,9.0,5.0,12.0,201.0,1.0,0.0,7.0,50.0,1.0,77.0,8.0,371.0,328.0,450.0,13.0,20.0,442.0,687.0,33.0,651.0,4968.0,2020-07-03
37.0,135.0,54.0,1.0,92.0,26.0,0.0,22.0,918.0,503.0,23.0,2.0,1.0,4.0,182.0,3.0,0.0,1.0,46.0,0.0,62.0,22.0,382.0,313.0,326.0,20.0,13.0,444.0,684.0,220.0,617.0,5153.0,2020-07-02
111.0,100.0,52.0,2.0,149.0,17.0,2.0,5.0,541.0,466.0,19.0,10.0,2.0,11.0,142.0,1.0,0.0,1.0,43.0,1.0,50.0,10.0,239.0,229.0,388.0,2.0,15.0,388.0,804.0,62.0,730.0,4592.0,2020-07-01
41.0,127.0,34.0,2.0,202.0,76.0,0.0,18.0,1324.0,498.0,14.0,3.0,1.0,23.0,126.0,1.0,0.0,0.0,14.0,0.0,76.0,40.0,247.0,266.0,269.0,1.0,4.0,301.0,727.0,35.0,446.0,4916.0,2020-06-30
63.0,24.0,67.0,0.0,305.0,0.0,1.0,0.0,0.0,262.0,10.0,4.0,1.0,2.0,174.0,1.0,0.0,3.0,25.0,0.0,73.0,0.0,193.0,457.0,291.0,7.0,9.0,200.0,415.0,62.0,649.0,3298.0,2020-06-29
64.0,41.0,85.0,2.0,260.0,0.0,0.0,0.0,0.0,256.0,23.0,11.0,0.0,23.0,175.0,3.0,0.0,5.0,44.0,0.0,69.0,0.0,319.0,323.0,325.0,14.0,14.0,301.0,755.0,69.0,671.0,3852.0,2020-06-28
67.0,113.0,56.0,0.0,168.0,39.0,2.0,19.0,1588.0,687.0,22.0,4.0,2.0,9.0,255.0,1.0,0.0,2.0,22.0,0.0,91.0,22.0,276.0,451.0,411.0,13.0,11.0,564.0,1204.0,58.0,721.0,6878.0,2020-06-27
47.0,76.0,95.0,1.0,93.0,21.0,1.0,5.0,0.0,477.0,11.0,9.0,1.0,9.0,296.0,0.0,0.0,2.0,11.0,2.0,110.0,16.0,298.0,311.0,460.0,23.0,6.0,419.0,1279.0,52.0,778.0,4909.0,2020-06-26
33.0,100.0,22.0,1.0,127.0,54.0,1.0,12.0,81.0,630.0,8.0,7.0,2.0,5.0,577.0,0.0,0.0,1.0,7.0,3.0,82.0,26.0,294.0,367.0,321.0,18.0,7.0,400.0,1698.0,44.0,886.0,5814.0,2020-06-25
31.0,110.0,30.0,2.0,89.0,34.0,1.0,11.0,517.0,587.0,15.0,0.0,0.0,8.0,113.0,0.0,0.0,2.0,12.0,0.0,64.0,6.0,300.0,345.0,214.0,1.0,13.0,334.0,1309.0,22.0,896.0,5066.0,2020-06-24
35.0,143.0,19.0,2.0,63.0,136.0,0.0,1.0,373.0,503.0,21.0,5.0,0.0,4.0,221.0,0.0,0.0,3.0,1.0,0.0,65.0,37.0,296.0,259.0,246.0,1.0,1.0,248.0,800.0,18.0,639.0,4140.0,2020-06-23
38.0,20.0,18.0,1.0,50.0,0.0,0.0,1.0,284.0,537.0,10.0,8.0,0.0,5.0,224.0,0.0,0.0,3.0,15.0,0.0,91.0,0.0,311.0,292.0,315.0,1.0,1.0,232.0,321.0,0.0,687.0,3465.0,2020-06-22
62.0,50.0,19.0,0.0,42.0,0.0,2.0,9.0,641.0,687.0,19.0,8.0,0.0,6.0,264.0,1.0,0.0,3.0,6.0,1.0,76.0,16.0,304.0,377.0,330.0,10.0,6.0,334.0,698.0,0.0,986.0,4957.0,2020-06-21
30.0,121.0,11.0,0.0,176.0,47.0,2.0,16.0,811.0,601.0,10.0,5.0,1.0,13.0,-148.0,2.0,0.0,8.0,8.0,1.0,107.0,0.0,301.0,375.0,320.0,14.0,2.0,363.0,1209.0,92.0,1027.0,5525.0,2020-06-20
40.0,108.0,11.0,0.0,68.0,50.0,0.0,0.0,467.0,770.0,24.0,2.0,2.0,14.0,331.0,4.0,0.0,6.0,6.0,0.0,115.0,32.0,314.0,417.0,320.0,1.0,8.0,307.0,1494.0,17.0,1013.0,5941.0,2020-06-19
17.0,123.0,3.0,0.0,51.0,44.0,2.0,5.0,458.0,580.0,55.0,1.0,0.0,7.0,328.0,6.0,0.0,2.0,10.0,1.0,117.0,29.0,506.0,336.0,345.0,9.0,4.0,585.0,1457.0,37.0,1102.0,6220.0,2020-06-18
33.0,99.0,1.0,0.0,47.0,33.0,1.0,4.0,344.0,345.0,14.0,1.0,1.0,13.0,210.0,1.0,0.0,3.0,3.0,6.0,139.0,0.0,407.0,300.0,250.0,0.0,3.0,355.0,1209.0,15.0,1043.0,4880.0,2020-06-17
27.0,147.0,2.0,2.0,40.0,24.0,1.0,4.0,152.0,378.0,13.0,1.0,1.0,18.0,301.0,0.0,0.0,5.0,2.0,6.0,165.0,25.0,396.0,346.0,166.0,4.0,1.0,219.0,685.0,14.0,822.0,3967.0,2020-06-16
24.0,22.0,1.0,3.0,33.0,54.0,0.0,17.0,407.0,192.0,9.0,12.0,0.0,8.0,338.0,0.0,0.0,5.0,7.0,2.0,143.0,0.0,375.0,227.0,320.0,3.0,3.0,181.0,418.0,23.0,890.0,3717.0,2020-06-15
20.0,49.0,2.0,0.0,53.0,40.0,3.0,14.0,526.0,247.0,4.0,11.0,2.0,45.0,346.0,1.0,0.0,7.0,8.0,2.0,179.0,0.0,440.0,283.0,275.0,3.0,2.0,323.0,1032.0,31.0,1052.0,5000.0,2020-06-14
30.0,89.0,0.0,5.0,52.0,64.0,5.0,9.0,726.0,348.0,20.0,14.0,1.0,12.0,163.0,2.0,0.0,4.0,3.0,1.0,210.0,12.0,376.0,270.0,222.0,1.0,2.0,396.0,1329.0,19.0,1017.0,5402.0,2020-06-13
28.0,95.0,0.0,1.0,62.0,19.0,7.0,24.0,425.0,258.0,20.0,12.0,0.0,7.0,379.0,2.0,0.0,19.0,3.0,5.0,164.0,18.0,444.0,310.0,237.0,8.0,0.0,502.0,1293.0,33.0,1199.0,5574.0,2020-06-12
34.0,119.0,2.0,2.0,73.0,15.0,11.0,15.0,545.0,555.0,10.0,10.0,0.0,16.0,202.0,3.0,0.0,6.0,3.0,5.0,184.0,13.0,197.0,294.0,196.0,2.0,2.0,427.0,1437.0,23.0,1158.0,5559.0,2020-06-11
13.0,145.0,0.0,2.0,54.0,39.0,7.0,24.0,403.0,318.0,9.0,3.0,0.0,8.0,283.0,1.0,0.0,7.0,6.0,3.0,164.0,16.0,400.0,421.0,145.0,1.0,1.0,314.0,937.0,16.0,1099.0,4839.0,2020-06-10
21.0,153.0,0.0,6.0,69.0,14.0,1.0,20.0,211.0,350.0,52.0,44.0,0.0,6.0,280.0,0.0,0.0,6.0,1.0,2.0,165.0,43.0,599.0,392.0,125.0,2.0,0.0,249.0,677.0,7.0,721.0,4216.0,2020-06-09
46.0,53.0,0.0,4.0,61.0,24.0,8.0,17.0,343.0,214.0,17.0,0.0,1.0,18.0,197.0,2.0,0.0,9.0,4.0,1.0,239.0,0.0,575.0,142.0,189.0,0.0,0.0,167.0,462.0,9.0,801.0,3603.0,2020-06-08
19.0,69.0,0.0,0.0,38.0,49.0,21.0,23.0,579.0,301.0,13.0,0.0,0.0,20.0,270.0,4.0,0.0,11.0,3.0,2.0,183.0,0.0,567.0,382.0,187.0,2.0,1.0,240.0,780.0,20.0,1120.0,4904.0,2020-06-07
62.0,154.0,0.0,2.0,35.0,64.0,20.0,30.0,611.0,407.0,15.0,16.0,0.0,21.0,518.0,0.0,0.0,7.0,5.0,2.0,210.0,27.0,371.0,377.0,196.0,0.0,5.0,332.0,1146.0,23.0,1243.0,5899.0,2020-06-06
36.0,172.0,1.0,0.0,56.0,40.0,10.0,0.0,767.0,507.0,15.0,23.0,0.0,31.0,177.0,3.0,0.0,3.0,7.0,3.0,209.0,31.0,361.0,331.0,238.0,1.0,2.0,318.0,1038.0,20.0,1356.0,5756.0,2020-06-05
31.0,159.0,0.0,6.0,74.0,37.0,10.0,24.0,352.0,394.0,0.0,0.0,0.0,45.0,321.0,0.0,0.0,2.0,0.0,0.0,86.0,0.0,292.0,366.0,152.0,3.0,2.0,334.0,1046.0,19.0,1484.0,5239.0,2020-06-04
11.0,183.0,0.0,3.0,62.0,35.0,0.0,2.0,-766.0,342.0,19.0,10.0,0.0,4.0,318.0,8.0,0.0,4.0,1.0,2.0,102.0,35.0,230.0,195.0,119.0,0.0,0.0,394.0,900.0,3.0,1441.0,3657.0,2020-06-03
21.0,59.0,0.0,5.0,29.0,30.0,1.0,26.0,338.0,213.0,1.0,45.0,0.0,72.0,178.0,5.0,0.0,3.0,1.0,1.0,103.0,0.0,379.0,200.0,141.0,0.0,2.0,294.0,648.0,9.0,1079.0,3883.0,2020-06-02
4.0,49.0,0.0,1.0,43.0,36.0,4.0,33.0,257.0,333.0,2.0,9.0,0.0,61.0,355.0,1.0,0.0,5.0,2.0,1.0,185.0,0.0,215.0,297.0,124.0,1.0,0.0,209.0,265.0,17.0,1125.0,3634.0,2020-06-01
44.0,61.0,1.0,2.0,34.0,40.0,6.0,50.0,1828.0,286.0,6.0,26.0,1.0,53.0,416.0,1.0,0.0,8.0,4.0,0.0,131.0,0.0,416.0,257.0,151.0,1.0,0.0,201.0,432.0,17.0,1527.0,6000.0,2020-05-31
51.0,165.0,0.0,0.0,56.0,81.0,8.0,33.0,597.0,738.0,3.0,0.0,0.0,35.0,516.0,3.0,0.0,6.0,4.0,2.0,176.0,10.0,330.0,350.0,191.0,0.0,0.0,664.0,773.0,32.0,1760.0,6584.0,2020-05-30
28.0,171.0,1.0,2.0,54.0,32.0,11.0,51.0,3325.0,741.0,3.0,25.0,0.0,38.0,593.0,4.0,0.0,9.0,7.0,0.0,182.0,18.0,352.0,304.0,197.0,5.0,2.0,658.0,774.0,35.0,1835.0,9457.0,2020-05-29
18.0,182.0,0.0,0.0,36.0,52.0,6.0,64.0,191.0,353.0,11.0,23.0,1.0,68.0,584.0,4.0,0.0,8.0,6.0,4.0,190.0,19.0,399.0,285.0,165.0,2.0,2.0,1137.0,800.0,0.0,1672.0,6282.0,2020-05-28
38.0,202.0,0.0,2.0,46.0,41.0,10.0,29.0,276.0,362.0,10.0,22.0,0.0,37.0,397.0,4.0,0.0,4.0,2.0,1.0,133.0,12.0,443.0,219.0,146.0,2.0,0.0,510.0,746.0,15.0,1624.0,5333.0,2020-05-27
20.0,314.0,0.0,2.0,47.0,27.0,1.0,20.0,358.0,432.0,4.0,15.0,0.0,59.0,300.0,2.0,0.0,12.0,1.0,0.0,209.0,43.0,305.0,165.0,213.0,2.0,0.0,859.0,491.0,10.0,1364.0,5275.0,2020-05-26
32.0,75.0,1.0,8.0,67.0,71.0,2.0,11.0,115.0,289.0,2.0,15.0,0.0,57.0,531.0,1.0,0.0,7.0,2.0,1.0,172.0,0.0,395.0,152.0,213.0,5.0,1.0,-372.0,210.0,11.0,1527.0,3601.0,2020-05-25
46.0,123.0,0.0,0.0,77.0,59.0,14.0,31.0,240.0,431.0,3.0,28.0,1.0,76.0,669.0,16.0,0.0,12.0,9.0,1.0,176.0,0.0,312.0,271.0,145.0,1.0,0.0,482.0,403.0,18.0,2062.0,5706.0,2020-05-24
29.0,248.0,6.0,4.0,59.0,48.0,7.0,44.0,403.0,638.0,20.0,35.0,0.0,115.0,652.0,5.0,0.0,10.0,1.0,9.0,188.0,41.0,476.0,288.0,127.0,1.0,0.0,466.0,532.0,13.0,2574.0,7039.0,2020-05-23
57.0,70.0,3.0,1.0,33.0,65.0,6.0,50.0,318.0,460.0,3.0,37.0,0.0,76.0,642.0,9.0,0.0,17.0,9.0,1.0,253.0,0.0,404.0,252.0,198.0,6.0,0.0,1787.0,610.0,36.0,2718.0,8121.0,2020-05-22
18.0,385.0,2.0,4.0,74.0,73.0,3.0,44.0,418.0,745.0,10.0,43.0,1.0,64.0,665.0,4.0,0.0,15.0,13.0,15.0,198.0,11.0,471.0,228.0,196.0,1.0,0.0,482.0,808.0,40.0,3052.0,8083.0,2020-05-21
78.0,292.0,4.0,1.0,61.0,76.0,7.0,19.0,524.0,797.0,4.0,42.0,0.0,51.0,813.0,3.0,0.0,15.0,11.0,15.0,108.0,8.0,383.0,223.0,155.0,0.0,1.0,518.0,666.0,21.0,2589.0,7485.0,2020-05-20
25.0,317.0,2.0,1.0,111.0,41.0,10.0,33.0,492.0,513.0,2.0,21.0,0.0,88.0,451.0,1.0,0.0,6.0,2.0,11.0,146.0,52.0,356.0,173.0,165.0,1.0,1.0,431.0,430.0,10.0,1838.0,5730.0,2020-05-19
14.0,81.0,2.0,2.0,20.0,69.0,4.0,61.0,120.0,342.0,15.0,26.0,0.0,64.0,675.0,11.0,0.0,7.0,15.0,5.0,125.0,0.0,272.0,226.0,167.0,1.0,0.0,256.0,259.0,15.0,2079.0,4933.0,2020-05-18
72.0,147.0,2.0,4.0,49.0,67.0,4.0,58.0,372.0,583.0,9.0,36.0,0.0,92.0,875.0,27.0,0.0,11.0,7.0,7.0,189.0,0.0,241.0,227.0,267.0,13.0,1.0,652.0,358.0,58.0,2526.0,6954.0,2020-05-17
63.0,347.0,1.0,3.0,55.0,78.0,8.0,83.0,563.0,620.0,40.0,56.0,0.0,129.0,789.0,8.0,0.0,12.0,8.0,14.0,200.0,22.0,401.0,264.0,190.0,3.0,0.0,515.0,688.0,51.0,2628.0,7839.0,2020-05-16
41.0,305.0,8.0,2.0,82.0,46.0,7.0,91.0,622.0,913.0,10.0,37.0,0.0,426.0,992.0,11.0,0.0,6.0,11.0,10.0,270.0,17.0,411.0,187.0,245.0,8.0,1.0,643.0,657.0,50.0,3307.0,9416.0,2020-05-15
54.0,321.0,6.0,2.0,48.0,76.0,5.0,51.0,507.0,933.0,16.0,39.0,1.0,159.0,888.0,1.0,0.0,14.0,10.0,14.0,227.0,23.0,283.0,219.0,224.0,4.0,1.0,849.0,698.0,33.0,3402.0,9108.0,2020-05-14
36.0,395.0,11.0,2.0,45.0,78.0,5.0,19.0,708.0,798.0,18.0,28.0,0.0,107.0,1402.0,4.0,0.0,6.0,6.0,2.0,196.0,29.0,595.0,234.0,190.0,8.0,2.0,439.0,754.0,36.0,3586.0,9739.0,2020-05-13
87.0,476.0,9.0,3.0,53.0,84.0,2.0,22.0,456.0,933.0,10.0,29.0,0.0,139.0,744.0,7.0,0.0,6.0,2.0,3.0,161.0,7.0,330.0,98.0,226.0,0.0,1.0,482.0,455.0,39.0,2329.0,7193.0,2020-05-12
10.0,118.0,11.0,6.0,28.0,110.0,6.0,82.0,209.0,357.0,6.0,21.0,0.0,236.0,802.0,9.0,0.0,35.0,9.0,7.0,245.0,30.0,345.0,175.0,231.0,2.0,3.0,393.0,279.0,54.0,2157.0,5976.0,2020-05-11
42.0,240.0,15.0,1.0,18.0,101.0,8.0,142.0,433.0,667.0,19.0,50.0,0.0,219.0,1083.0,2.0,0.0,8.0,6.0,6.0,289.0,35.0,285.0,138.0,320.0,0.0,3.0,3416.0,509.0,44.0,3063.0,11162.0,2020-05-10
62.0,483.0,36.0,2.0,46.0,135.0,5.0,65.0,642.0,1251.0,13.0,35.0,0.0,156.0,1327.0,19.0,0.0,3.0,12.0,1.0,319.0,39.0,319.0,553.0,312.0,10.0,4.0,743.0,700.0,81.0,3767.0,11140.0,2020-05-09
22.0,442.0,6.0,6.0,57.0,100.0,7.0,100.0,629.0,1209.0,15.0,28.0,2.0,137.0,1401.0,9.0,0.0,5.0,8.0,3.0,455.0,42.0,307.0,533.0,392.0,16.0,1.0,1173.0,784.0,66.0,3827.0,11782.0,2020-05-08
65.0,552.0,7.0,5.0,78.0,162.0,2.0,161.0,4183.0,1284.0,21.0,39.0,0.0,265.0,1444.0,4.0,0.0,5.0,11.0,2.0,232.0,50.0,309.0,480.0,270.0,8.0,1.0,921.0,745.0,51.0,3682.0,15039.0,2020-05-07
17.0,547.0,11.0,4.0,77.0,151.0,8.0,85.0,1104.0,947.0,10.0,46.0,0.0,261.0,1075.0,0.0,0.0,4.0,12.0,3.0,317.0,56.0,425.0,178.0,325.0,8.0,3.0,880.0,657.0,28.0,3389.0,10628.0,2020-05-06
31.0,670.0,5.0,2.0,38.0,147.0,3.0,73.0,576.0,685.0,6.0,30.0,0.0,216.0,1221.0,17.0,0.0,9.0,4.0,1.0,199.0,38.0,313.0,0.0,349.0,5.0,6.0,1039.0,477.0,76.0,2982.0,9218.0,2020-05-05
68.0,140.0,8.0,8.0,26.0,116.0,1.0,75.0,308.0,679.0,6.0,37.0,1.0,330.0,1389.0,8.0,0.0,4.0,12.0,3.0,335.0,50.0,318.0,334.0,431.0,1.0,0.0,466.0,261.0,88.0,3229.0,8732.0,2020-05-04
12.0,286.0,3.0,7.0,18.0,96.0,5.0,128.0,794.0,793.0,29.0,56.0,0.0,343.0,1900.0,1.0,0.0,7.0,10.0,9.0,445.0,0.0,270.0,-161.0,165.0,4.0,5.0,935.0,299.0,112.0,4737.0,11308.0,2020-05-03
34.0,237.0,9.0,7.0,55.0,153.0,5.0,56.0,604.0,945.0,0.0,79.0,1.0,221.0,1965.0,12.0,0.0,14.0,18.0,1.0,475.0,49.0,228.0,364.0,327.0,7.0,5.0,1234.0,532.0,119.0,4966.0,12722.0,2020-05-02
60.0,586.0,14.0,7.0,103.0,150.0,23.0,89.0,1139.0,1639.0,15.0,88.0,0.0,359.0,1872.0,9.0,0.0,10.0,15.0,2.0,514.0,43.0,237.0,295.0,262.0,5.0,11.0,1387.0,636.0,179.0,5442.0,15191.0,2020-05-01
50.0,522.0,15.0,6.0,75.0,157.0,6.0,166.0,1607.0,1478.0,42.0,48.0,2.0,376.0,2086.0,13.0,0.0,31.0,28.0,2.0,386.0,62.0,422.0,368.0,362.0,7.0,10.0,1241.0,799.0,143.0,4729.0,15239.0,2020-04-30
58.0,569.0,8.0,15.0,55.0,153.0,13.0,45.0,1065.0,1304.0,0.0,78.0,3.0,229.0,2091.0,18.0,0.0,-105.0,12.0,5.0,171.0,72.0,316.0,180.0,277.0,3.0,1.0,847.0,742.0,100.0,4706.0,13031.0,2020-04-29
67.0,755.0,9.0,5.0,45.0,123.0,4.0,119.0,1195.0,1144.0,28.0,66.0,0.0,386.0,1739.0,6.0,0.0,11.0,6.0,8.0,400.0,28.0,285.0,298.0,303.0,2.0,0.0,1525.0,563.0,103.0,3473.0,12696.0,2020-04-28
55.0,205.0,14.0,7.0,52.0,130.0,8.0,101.0,461.0,1018.0,0.0,83.0,2.0,701.0,2324.0,8.0,0.0,12.0,12.0,0.0,655.0,38.0,344.0,163.0,401.0,6.0,19.0,1660.0,300.0,167.0,3748.0,12694.0,2020-04-27
66.0,388.0,7.0,6.0,79.0,235.0,30.0,80.0,1537.0,1737.0,16.0,57.0,1.0,377.0,2357.0,20.0,1.0,16.0,16.0,2.0,655.0,59.0,381.0,412.0,218.0,13.0,15.0,1641.0,473.0,216.0,4970.0,16081.0,2020-04-26
83.0,811.0,28.0,9.0,85.0,137.0,13.0,111.0,1773.0,2055.0,27.0,60.0,0.0,577.0,3021.0,6.0,0.0,0.0,30.0,1.0,806.0,63.0,381.0,918.0,321.0,35.0,7.0,2506.0,780.0,181.0,5158.0,19983.0,2020-04-25
61.0,976.0,31.0,5.0,52.0,161.0,33.0,155.0,1653.0,2337.0,55.0,99.0,4.0,936.0,2646.0,17.0,0.0,12.0,11.0,2.0,887.0,95.0,342.0,371.0,386.0,81.0,13.0,2114.0,758.0,228.0,5487.0,20008.0,2020-04-24
91.0,778.0,42.0,6.0,95.0,217.0,7.0,115.0,1827.0,2352.0,7.0,116.0,7.0,631.0,3370.0,13.0,0.0,28.0,36.0,0.0,708.0,84.0,313.0,603.0,468.0,45.0,13.0,2916.0,722.0,205.0,4760.0,20575.0,2020-04-23
50.0,1270.0,27.0,12.0,127.0,180.0,17.0,146.0,2667.0,2237.0,156.0,70.0,5.0,388.0,2729.0,9.0,0.0,20.0,60.0,1.0,729.0,53.0,263.0,516.0,306.0,26.0,5.0,2312.0,707.0,155.0,4854.0,20097.0,2020-04-22
73.0,1278.0,10.0,5.0,127.0,131.0,7.0,85.0,2051.0,1785.0,10.0,114.0,2.0,401.0,2256.0,12.0,0.0,24.0,8.0,12.0,750.0,45.0,306.0,657.0,190.0,12.0,5.0,2951.0,461.0,168.0,3853.0,17789.0,2020-04-21
48.0,444.0,39.0,6.0,133.0,142.0,16.0,102.0,785.0,1775.0,28.0,68.0,11.0,493.0,3047.0,15.0,0.0,28.0,13.0,4.0,1066.0,84.0,545.0,521.0,328.0,72.0,13.0,2218.0,388.0,336.0,4721.0,17489.0,2020-04-20
59.0,722.0,18.0,26.0,105.0,169.0,53.0,192.0,2569.0,2458.0,0.0,82.0,6.0,778.0,3491.0,30.0,1.0,59.0,57.0,1.0,1140.0,193.0,363.0,663.0,351.0,40.0,13.0,-713.0,532.0,325.0,4956.0,18739.0,2020-04-19
155.0,1395.0,23.0,0.0,116.0,194.0,25.0,120.0,405.0,3609.0,0.0,71.0,15.0,709.0,3493.0,7.0,0.0,90.0,36.0,4.0,1235.0,0.0,461.0,181.0,360.0,72.0,36.0,3836.0,688.0,346.0,5292.0,22974.0,2020-04-18
78.0,1675.0,50.0,20.0,130.0,198.0,32.0,132.0,2641.0,3380.0,15.0,111.0,12.0,724.0,3786.0,9.0,0.0,58.0,71.0,10.0,1061.0,114.0,336.0,750.0,491.0,114.0,20.0,3818.0,623.0,315.0,5065.0,25839.0,2020-04-17
136.0,1633.0,37.0,20.0,162.0,170.0,29.0,76.0,2633.0,2866.0,22.0,73.0,7.0,1068.0,2667.0,9.0,0.0,21.0,66.0,13.0,734.0,111.0,380.0,643.0,337.0,28.0,28.0,3820.0,604.0,583.0,4326.0,23302.0,2020-04-16
191.0,1561.0,54.0,33.0,82.0,193.0,41.0,97.0,5497.0,2486.0,25.0,67.0,9.0,832.0,2972.0,2.0,0.0,0.0,15.0,6.0,868.0,78.0,268.0,514.0,246.0,66.0,8.0,4424.0,479.0,254.0,4178.0,25546.0,2020-04-15
106.0,538.0,50.0,29.0,68.0,144.0,23.0,90.0,2673.0,2082.0,31.0,54.0,10.0,992.0,3153.0,4.0,1.0,8.0,11.0,9.0,964.0,73.0,260.0,349.0,333.0,27.0,7.0,3116.0,437.0,279.0,3489.0,19410.0,2020-04-14
130.0,524.0,66.0,17.0,89.0,178.0,5.0,69.0,1613.0,2537.0,33.0,48.0,12.0,727.0,4092.0,21.0,0.0,9.0,11.0,6.0,1174.0,95.0,318.0,598.0,310.0,14.0,17.0,3030.0,464.0,400.0,3579.0,20186.0,2020-04-13
247.0,1032.0,39.0,21.0,170.0,177.0,46.0,136.0,3114.0,2821.0,70.0,100.0,14.0,839.0,4694.0,18.0,0.0,54.0,47.0,8.0,1316.0,76.0,401.0,515.0,523.0,13.0,28.0,3899.0,395.0,592.0,4313.0,25718.0,2020-04-12
312.0,2336.0,88.0,31.0,163.0,184.0,51.0,164.0,4342.0,4133.0,56.0,120.0,27.0,696.0,3951.0,23.0,1.0,44.0,108.0,20.0,1335.0,84.0,380.0,1516.0,265.0,14.0,36.0,4550.0,454.0,733.0,4858.0,31075.0,2020-04-11
279.0,2240.0,64.0,38.0,257.0,233.0,22.0,118.0,4286.0,5323.0,71.0,210.0,32.0,1169.0,4204.0,12.0,0.0,43.0,81.0,13.0,1213.0,150.0,370.0,815.0,441.0,19.0,33.0,4537.0,645.0,785.0,5131.0,32834.0,2020-04-10
329.0,1599.0,61.0,32.0,295.0,331.0,36.0,179.0,3881.0,4974.0,52.0,85.0,30.0,515.0,3836.0,29.0,1.0,32.0,64.0,38.0,969.0,147.0,357.0,699.0,344.0,101.0,36.0,5745.0,654.0,546.0,5450.0,31447.0,2020-04-09
343.0,1515.0,60.0,29.0,195.0,390.0,41.0,132.0,3777.0,4003.0,77.0,78.0,24.0,345.0,3039.0,6.0,0.0,37.0,127.0,6.0,777.0,108.0,435.0,712.0,360.0,47.0,34.0,5583.0,738.0,590.0,5282.0,28890.0,2020-04-08
314.0,1937.0,40.0,19.0,235.0,312.0,11.0,249.0,3912.0,3834.0,20.0,73.0,76.0,253.0,3599.0,9.0,0.0,32.0,39.0,52.0,952.0,115.0,311.0,452.0,193.0,49.0,24.0,5209.0,389.0,552.0,3592.0,26854.0,2020-04-07
217.0,667.0,56.0,20.0,115.0,292.0,79.0,45.0,1873.0,3677.0,62.0,11.0,69.0,507.0,4316.0,24.0,1.0,40.0,75.0,14.0,1224.0,130.0,475.0,754.0,251.0,14.0,20.0,3667.0,340.0,821.0,4020.0,23876.0,2020-04-06
241.0,923.0,47.0,30.0,282.0,320.0,57.0,267.0,4267.0,5936.0,60.0,55.0,53.0,331.0,4805.0,16.0,2.0,0.0,117.0,14.0,904.0,302.0,244.0,638.0,430.0,21.0,43.0,5533.0,357.0,974.0,4911.0,32180.0,2020-04-05
396.0,1694.0,68.0,40.0,332.0,371.0,103.0,97.0,5233.0,6082.0,99.0,55.0,45.0,424.0,4585.0,35.0,0.0,122.0,125.0,11.0,1026.0,273.0,437.0,852.0,445.0,24.0,37.0,6663.0,601.0,1033.0,4868.0,36176.0,2020-04-04
418.0,1479.0,48.0,36.0,269.0,279.0,79.0,72.0,2116.0,6174.0,139.0,38.0,99.0,402.0,4668.0,12.0,3.0,68.0,168.0,7.0,1083.0,270.0,392.0,783.0,278.0,26.0,56.0,7272.0,554.0,1124.0,4913.0,33325.0,2020-04-03
529.0,1517.0,96.0,58.0,281.0,247.0,34.0,62.0,4861.0,6156.0,61.0,60.0,85.0,212.0,4782.0,48.0,4.0,48.0,141.0,7.0,1019.0,218.0,243.0,808.0,215.0,37.0,27.0,7583.0,486.0,962.0,4514.0,35401.0,2020-04-02
564.0,1683.0,77.0,32.0,306.0,283.0,30.0,71.0,7578.0,5453.0,102.0,33.0,49.0,325.0,4053.0,22.0,4.0,49.0,190.0,19.0,845.0,221.0,256.0,1035.0,293.0,27.0,51.0,7413.0,475.0,696.0,4273.0,36508.0,2020-04-01
805.0,1739.0,77.0,16.0,173.0,182.0,36.0,95.0,4376.0,4615.0,56.0,45.0,66.0,295.0,4050.0,0.0,2.0,0.0,38.0,13.0,884.0,124.0,193.0,446.0,192.0,0.0,33.0,8145.0,416.0,1138.0,2858.0,31108.0,2020-03-31
522.0,685.0,56.0,35.0,166.0,194.0,39.0,0.0,2599.0,4751.0,95.0,39.0,57.0,200.0,5217.0,71.0,1.0,90.0,119.0,5.0,1104.0,257.0,224.0,792.0,308.0,41.0,39.0,5813.0,280.0,1122.0,2822.0,27743.0,2020-03-30
594.0,845.0,71.0,17.0,384.0,155.0,65.0,193.0,4611.0,3965.0,95.0,65.0,73.0,294.0,5974.0,25.0,1.0,36.0,226.0,2.0,1159.0,264.0,249.0,902.0,160.0,0.0,59.0,6424.0,300.0,1048.0,3197.0,31453.0,2020-03-29
668.0,1520.0,91.0,16.0,217.0,169.0,37.0,67.0,3809.0,6294.0,74.0,43.0,88.0,302.0,5959.0,36.0,4.0,59.0,152.0,10.0,1172.0,425.0,168.0,724.0,263.0,69.0,55.0,8244.0,365.0,1390.0,3087.0,35577.0,2020-03-28
1141.0,1363.0,77.0,14.0,408.0,153.0,134.0,78.0,3922.0,5780.0,71.0,39.0,65.0,255.0,6153.0,23.0,5.0,25.0,120.0,5.0,1019.0,240.0,170.0,549.0,123.0,10.0,49.0,9181.0,286.0,1000.0,2692.0,35150.0,2020-03-27
606.0,1199.0,36.0,8.0,260.0,133.0,35.0,88.0,2931.0,4954.0,78.0,35.0,89.0,235.0,5210.0,24.0,4.0,65.0,234.0,5.0,852.0,350.0,150.0,633.0,144.0,12.0,48.0,8954.0,314.0,925.0,2375.0,30986.0,2020-03-26
796.0,1195.0,76.0,8.0,158.0,131.0,17.0,92.0,2446.0,2342.0,48.0,39.0,60.0,204.0,5249.0,17.0,1.0,30.0,224.0,15.0,811.0,195.0,152.0,302.0,186.0,13.0,38.0,8553.0,230.0,774.0,2338.0,26740.0,2020-03-25
855.0,1328.0,71.0,21.0,71.0,65.0,26.0,74.0,3838.0,4438.0,71.0,20.0,20.0,219.0,4789.0,41.0,0.0,36.0,77.0,7.0,545.0,239.0,115.0,460.0,143.0,6.0,28.0,7691.0,182.0,1044.0,1378.0,27898.0,2020-03-24
607.0,486.0,29.0,11.0,170.0,69.0,20.0,105.0,1559.0,3311.0,94.0,36.0,95.0,121.0,5560.0,15.0,10.0,38.0,128.0,17.0,573.0,206.0,98.0,320.0,66.0,7.0,31.0,4646.0,118.0,894.0,1198.0,20638.0,2020-03-23
375.0,469.0,80.0,17.0,91.0,71.0,23.0,71.0,1847.0,3276.0,35.0,28.0,64.0,102.0,6557.0,13.0,2.0,36.0,186.0,17.0,637.0,184.0,111.0,260.0,59.0,41.0,42.0,4866.0,136.0,1271.0,1255.0,22222.0,2020-03-22
453.0,662.0,22.0,9.0,210.0,104.0,16.0,50.0,1617.0,4049.0,31.0,18.0,79.0,126.0,5986.0,25.0,9.0,21.0,139.0,9.0,534.0,190.0,70.0,235.0,31.0,14.0,22.0,5446.0,180.0,943.0,1055.0,22355.0,2020-03-21
550.0,713.0,23.0,0.0,172.0,36.0,9.0,31.0,1861.0,5940.0,46.0,12.0,80.0,191.0,5322.0,15.0,0.0,15.0,135.0,12.0,409.0,129.0,68.0,143.0,17.0,16.0,33.0,4569.0,143.0,860.0,999.0,22549.0,2020-03-20
314.0,535.0,12.0,18.0,88.0,91.0,33.0,50.0,1404.0,1042.0,31.0,23.0,3.0,74.0,4207.0,10.0,18.0,8.0,70.0,4.0,346.0,115.0,49.0,194.0,43.0,10.0,11.0,4047.0,145.0,353.0,769.0,14117.0,2020-03-19
316.0,422.0,13.0,0.0,90.0,92.0,20.0,47.0,1097.0,1144.0,35.0,0.0,48.0,69.0,3526.0,25.0,0.0,8.0,59.0,10.0,292.0,139.0,61.0,117.0,33.0,13.0,22.0,3694.0,119.0,450.0,611.0,12572.0,2020-03-18
156.0,387.0,8.0,10.0,46.0,57.0,34.0,5.0,1210.0,1174.0,21.0,11.0,21.0,54.0,4000.0,5.0,0.0,3.0,4.0,8.0,278.0,92.0,52.0,86.0,45.0,23.0,34.0,2503.0,83.0,0.0,442.0,10852.0,2020-03-17
205.0,214.0,11.0,9.0,84.0,48.0,56.0,57.0,924.0,1043.0,103.0,8.0,40.0,40.0,2823.0,5.0,3.0,5.0,39.0,11.0,176.0,170.0,21.0,76.0,26.0,17.0,38.0,1706.0,69.0,841.0,361.0,9229.0,2020-03-16
151.0,179.0,6.0,7.0,64.0,23.0,36.0,27.0,838.0,733.0,38.0,6.0,21.0,38.0,3497.0,7.0,0.0,3.0,,1.0,155.0,286.0,36.0,57.0,24.0,14.0,40.0,2144.0,71.0,238.0,478.0,9218.0,2020-03-15
143.0,338.0,6.0,8.0,34.0,128.0,52.0,28.0,785.0,693.0,57.0,9.0,0.0,21.0,2547.0,3.0,0.0,3.0,12.0,10.0,190.0,0.0,19.0,34.0,25.0,9.0,45.0,1683.0,152.0,267.0,484.0,7785.0,2020-03-14
115.0,251.0,9.0,,22.0,160.0,11.0,96.0,595.0,802.0,34.0,3.0,32.0,27.0,2651.0,6.0,1.0,,19.0,1.0,111.0,132.0,18.0,19.0,19.0,11.0,39.0,1531.0,151.0,212.0,406.0,7484.0,2020-03-13
64.0,174.0,3.0,4.0,31.0,252.0,3.0,19.0,497.0,271.0,9.0,1.0,15.0,8.0,2313.0,2.0,2.0,0.0,0.0,1.0,121.0,212.0,9.0,18.0,20.0,3.0,26.0,1153.0,196.0,152.0,259.0,5838.0,2020-03-12
51.0,99.0,1.0,,23.0,151.0,3.0,,372.0,157.0,6.0,3.0,5.0,14.0,977.0,2.0,,2.0,2.0,1.0,61.0,85.0,5.0,2.0,8.0,2.0,15.0,975.0,98.0,116.0,148.0,3384.0,2020-03-11
29.0,94.0,,2.0,8.0,75.0,,10.0,286.0,237.0,11.0,1.0,10.0,,1797.0,3.0,,,,2.0,56.0,23.0,6.0,9.0,2.0,,,772.0,101.0,42.0,57.0,3633.0,2020-03-10
3.0,64.0,,,6.0,7.0,,11.0,410.0,55.0,7.0,1.0,2.0,2.0,1492.0,1.0,,,2.0,0.0,77.0,22.0,5.0,9.0,2.0,2.0,4.0,433.0,46.0,68.0,60.0,2791.0,2020-03-09
25.0,27.0,1.0,,7.0,8.0,,,103.0,163.0,21.0,3.0,10.0,1.0,1247.0,1.0,,,,2.0,60.0,34.0,1.0,8.0,6.0,2.0,3.0,330.0,33.0,55.0,81.0,2232.0,2020-03-08
33.0,110.0,1.0,,7.0,3.0,5.0,7.0,190.0,284.0,13.0,2.0,8.0,5.0,778.0,,,,2.0,1.0,46.0,27.0,4.0,4.0,1.0,1.0,3.0,233.0,59.0,122.0,51.0,2000.0,2020-03-07
12.0,81.0,1.0,,4.0,10.0,3.0,5.0,138.0,138.0,22.0,,9.0,7.0,769.0,,,,,,44.0,30.0,,4.0,2.0,,5.0,183.0,25.0,30.0,56.0,1578.0,2020-03-06
5.0,53.0,,,3.0,2.0,,,73.0,66.0,3.0,2.0,10.0,4.0,587.0,,1.0,,,,10.0,23.0,,1.0,,,1.0,81.0,30.0,20.0,55.0,1030.0,2020-03-05
6.0,34.0,1.0,,0.0,3.0,1.0,1.0,34.0,39.0,,,10.0,1.0,466.0,,,,,,10.0,8.0,1.0,2.0,1.0,,,75.0,13.0,7.0,40.0,753.0,2020-03-04
4.0,19.0,1.0,,2.0,1.0,,,48.0,28.0,,,3.0,,347.0,1.0,,,,,5.0,6.0,,2.0,,,,56.0,5.0,6.0,22.0,556.0,2020-03-03
4.0,0.0,2.0,,3.0,1.0,0.0,3.0,30.0,18.0,0.0,,2.0,0.0,561.0,,,0.0,0.0,,6.0,4.0,,,0.0,,,54.0,0.0,6.0,5.0,699.0,2020-03-02
3.0,18.0,0.0,,0.0,1.0,0.0,0.0,43.0,54.0,3.0,,0.0,1.0,240.0,,,0.0,1.0,,5.0,9.0,,,0.0,,,28.0,3.0,6.0,12.0,427.0,2020-03-01
2.0,0.0,2.0,,0.0,1.0,0.0,1.0,19.0,10.0,1.0,,1.0,0.0,238.0,,,0.0,0.0,,1.0,2.0,,,2.0,,,19.0,8.0,4.0,8.0,319.0,2020-02-29
3.0,0.0,1.0,,0.0,0.0,1.0,0.0,21.0,26.0,2.0,,0.0,0.0,250.0,,,1.0,0.0,,1.0,3.0,,,0.0,,,18.0,1.0,7.0,4.0,339.0,2020-02-28
0.0,0.0,1.0,,0.0,1.0,0.0,1.0,3.0,4.0,1.0,,0.0,0.0,78.0,,,0.0,0.0,,0.0,1.0,,,1.0,,,8.0,1.0,0.0,5.0,105.0,2020-02-27
2.0,0.0,1.0,,0.0,0.0,0.0,0.0,2.0,2.0,0.0,,0.0,0.0,93.0,,,0.0,0.0,,0.0,0.0,,,0.0,,,6.0,0.0,1.0,2.0,109.0,2020-02-26
0.0,0.0,0.0,,0.0,0.0,0.0,0.0,0.0,0.0,0.0,,0.0,0.0,97.0,,,0.0,0.0,,0.0,0.0,,,0.0,,,1.0,0.0,0.0,0.0,98.0,2020-02-25
0.0,0.0,0.0,,0.0,0.0,0.0,0.0,0.0,0.0,0.0,,0.0,0.0,53.0,,,0.0,0.0,,0.0,0.0,,,0.0,,,0.0,0.0,0.0,0.0,53.0,2020-02-24
0.0,0.0,0.0,,0.0,0.0,0.0,0.0,0.0,0.0,0.0,,0.0,0.0,62.0,,,0.0,0.0,,0.0,0.0,,,0.0,,,0.0,0.0,0.0,1.0,63.0,2020-02-23
0.0,0.0,0.0,,0.0,0.0,0.0,0.0,0.0,0.0,0.0,,0.0,0.0,14.0,,,0.0,0.0,,0.0,0.0,,,0.0,,,0.0,0.0,0.0,0.0,14.0,2020-02-22
0.0,0.0,0.0,,0.0,0.0,0.0,0.0,0.0,0.0,0.0,,0.0,0.0,0.0,,,0.0,0.0,,0.0,0.0,,,0.0,,,0.0,0.0,0.0,0.0,0.0,2020-02-21
0.0,0.0,0.0,,0.0,0.0,0.0,0.0,0.0,0.0,0.0,,0.0,0.0,0.0,,,0.0,0.0,,0.0,0.0,,,0.0,,,0.0,0.0,0.0,0.0,0.0,2020-02-20
0.0,0.0,0.0,,0.0,0.0,0.0,0.0,0.0,0.0,0.0,,0.0,0.0,0.0,,,0.0,0.0,,0.0,0.0,,,0.0,,,0.0,0.0,0.0,0.0,0.0,2020-02-19
0.0,0.0,0.0,,0.0,0.0,0.0,0.0,0.0,0.0,0.0,,0.0,0.0,0.0,,,0.0,0.0,,0.0,0.0,,,0.0,,,0.0,0.0,0.0,0.0,0.0,2020-02-18
0.0,0.0,0.0,,0.0,0.0,0.0,0.0,1.0,0.0,0.0,,0.0,0.0,0.0,,,0.0,0.0,,0.0,0.0,,,0.0,,,0.0,0.0,0.0,0.0,1.0,2020-02-17
0.0,0.0,0.0,,0.0,0.0,0.0,0.0,0.0,0.0,0.0,,0.0,0.0,0.0,,,0.0,0.0,,0.0,0.0,,,0.0,,,0.0,0.0,0.0,0.0,0.0,2020-02-16
0.0,0.0,0.0,,0.0,0.0,0.0,0.0,0.0,0.0,0.0,,0.0,0.0,0.0,,,0.0,0.0,,0.0,0.0,,,0.0,,,0.0,0.0,0.0,0.0,0.0,2020-02-15
0.0,0.0,0.0,,0.0,0.0,0.0,0.0,0.0,0.0,0.0,,0.0,0.0,0.0,,,0.0,0.0,,0.0,0.0,,,0.0,,,0.0,0.0,0.0,0.0,0.0,2020-02-14
0.0,0.0,0.0,,0.0,0.0,0.0,0.0,0.0,0.0,0.0,,0.0,0.0,0.0,,,0.0,0.0,,0.0,0.0,,,0.0,,,0.0,0.0,0.0,1.0,1.0,2020-02-13
0.0,0.0,0.0,,0.0,0.0,0.0,0.0,0.0,2.0,0.0,,0.0,0.0,0.0,,,0.0,0.0,,0.0,0.0,,,0.0,,,0.0,0.0,0.0,0.0,2.0,2020-02-12
0.0,0.0,0.0,,0.0,0.0,0.0,0.0,0.0,0.0,0.0,,0.0,0.0,0.0,,,0.0,0.0,,0.0,0.0,,,0.0,,,0.0,0.0,0.0,1.0,1.0,2020-02-11
0.0,0.0,0.0,,0.0,0.0,0.0,0.0,0.0,0.0,0.0,,0.0,0.0,0.0,,,0.0,0.0,,0.0,0.0,,,0.0,,,1.0,0.0,0.0,4.0,5.0,2020-02-10
0.0,0.0,0.0,,0.0,0.0,0.0,0.0,0.0,0.0,0.0,,0.0,0.0,0.0,,,0.0,0.0,,0.0,0.0,,,0.0,,,0.0,0.0,0.0,0.0,0.0,2020-02-09
0.0,0.0,0.0,,0.0,0.0,0.0,0.0,5.0,1.0,0.0,,0.0,0.0,0.0,,,0.0,0.0,,0.0,0.0,,,0.0,,,0.0,0.0,0.0,0.0,6.0,2020-02-08
0.0,0.0,0.0,,0.0,0.0,0.0,0.0,0.0,1.0,0.0,,0.0,0.0,0.0,,,0.0,0.0,,0.0,0.0,,,0.0,,,0.0,0.0,0.0,1.0,2.0,2020-02-07
0.0,0.0,0.0,,0.0,0.0,0.0,0.0,0.0,0.0,0.0,,0.0,0.0,0.0,,,0.0,0.0,,0.0,0.0,,,0.0,,,0.0,0.0,0.0,0.0,0.0,2020-02-06
0.0,0.0,0.0,,0.0,0.0,0.0,0.0,0.0,0.0,0.0,,0.0,0.0,0.0,,,0.0,0.0,,0.0,0.0,,,0.0,,,0.0,1.0,0.0,1.0,2.0,2020-02-05
0.0,1.0,0.0,,0.0,0.0,0.0,0.0,0.0,2.0,0.0,,0.0,0.0,0.0,,,0.0,0.0,,0.0,0.0,,,0.0,,,0.0,0.0,0.0,0.0,3.0,2020-02-04
0.0,0.0,0.0,,0.0,0.0,0.0,0.0,0.0,1.0,0.0,,0.0,0.0,0.0,,,0.0,0.0,,0.0,0.0,,,0.0,,,0.0,0.0,0.0,0.0,1.0,2020-02-03
0.0,0.0,0.0,,0.0,0.0,0.0,0.0,0.0,1.0,0.0,,0.0,0.0,0.0,,,0.0,0.0,,0.0,0.0,,,0.0,,,0.0,0.0,0.0,0.0,1.0,2020-02-02
0.0,0.0,0.0,,0.0,0.0,0.0,0.0,0.0,2.0,0.0,,0.0,0.0,0.0,,,0.0,0.0,,0.0,0.0,,,0.0,,,1.0,0.0,0.0,2.0,5.0,2020-02-01
0.0,0.0,0.0,,0.0,0.0,0.0,0.0,1.0,1.0,0.0,,0.0,0.0,3.0,,,0.0,0.0,,0.0,0.0,,,0.0,,,0.0,0.0,0.0,0.0,5.0,2020-01-31
0.0,0.0,0.0,,0.0,0.0,0.0,1.0,1.0,0.0,0.0,,0.0,0.0,0.0,,,0.0,0.0,,0.0,0.0,,,0.0,,,0.0,0.0,0.0,0.0,2.0,2020-01-30
0.0,0.0,0.0,,0.0,0.0,0.0,0.0,1.0,3.0,0.0,,0.0,0.0,0.0,,,0.0,0.0,,0.0,0.0,,,0.0,,,0.0,0.0,0.0,0.0,4.0,2020-01-29
0.0,0.0,0.0,,0.0,0.0,0.0,0.0,0.0,1.0,0.0,,0.0,0.0,0.0,,,0.0,0.0,,0.0,0.0,,,0.0,,,0.0,0.0,0.0,0.0,1.0,2020-01-28
0.0,0.0,0.0,,0.0,0.0,0.0,0.0,0.0,0.0,0.0,,0.0,0.0,0.0,,,0.0,0.0,,0.0,0.0,,,0.0,,,0.0,0.0,0.0,0.0,0.0,2020-01-27
0.0,0.0,0.0,,0.0,0.0,0.0,0.0,0.0,0.0,0.0,,0.0,0.0,0.0,,,0.0,0.0,,0.0,0.0,,,0.0,,,0.0,0.0,0.0,0.0,0.0,2020-01-26
0.0,0.0,0.0,,0.0,0.0,0.0,0.0,3.0,0.0,0.0,,0.0,0.0,0.0,,,0.0,0.0,,0.0,0.0,,,0.0,,,0.0,0.0,0.0,0.0,3.0,2020-01-25
0.0,0.0,0.0,,0.0,0.0,0.0,0.0,0.0,0.0,0.0,,0.0,0.0,0.0,,,0.0,0.0,,0.0,0.0,,,0.0,,,0.0,0.0,0.0,0.0,0.0,2020-01-24
0.0,0.0,0.0,,0.0,0.0,0.0,0.0,0.0,0.0,0.0,,0.0,0.0,0.0,,,0.0,0.0,,0.0,0.0,,,0.0,,,0.0,0.0,0.0,0.0,0.0,2020-01-23
0.0,0.0,0.0,,0.0,0.0,0.0,0.0,0.0,0.0,0.0,,0.0,0.0,0.0,,,0.0,0.0,,0.0,0.0,,,0.0,,,0.0,0.0,0.0,0.0,0.0,2020-01-22
0.0,0.0,0.0,,0.0,0.0,0.0,0.0,0.0,0.0,0.0,,0.0,0.0,0.0,,,0.0,0.0,,0.0,0.0,,,0.0,,,0.0,0.0,0.0,0.0,0.0,2020-01-21
0.0,0.0,0.0,,0.0,0.0,0.0,0.0,0.0,0.0,0.0,,0.0,0.0,0.0,,,0.0,0.0,,0.0,0.0,,,0.0,,,0.0,0.0,0.0,0.0,0.0,2020-01-20
0.0,0.0,0.0,,0.0,0.0,0.0,0.0,0.0,0.0,0.0,,0.0,0.0,0.0,,,0.0,0.0,,0.0,0.0,,,0.0,,,0.0,0.0,0.0,0.0,0.0,2020-01-19
0.0,0.0,0.0,,0.0,0.0,0.0,0.0,0.0,0.0,0.0,,0.0,0.0,0.0,,,0.0,0.0,,0.0,0.0,,,0.0,,,0.0,0.0,0.0,0.0,0.0,2020-01-18
0.0,0.0,0.0,,0.0,0.0,0.0,0.0,0.0,0.0,0.0,,0.0,0.0,0.0,,,0.0,0.0,,0.0,0.0,,,0.0,,,0.0,0.0,0.0,0.0,0.0,2020-01-17
0.0,0.0,0.0,,0.0,0.0,0.0,0.0,0.0,0.0,0.0,,0.0,0.0,0.0,,,0.0,0.0,,0.0,0.0,,,0.0,,,0.0,0.0,0.0,0.0,0.0,2020-01-16
0.0,0.0,0.0,,0.0,0.0,0.0,0.0,0.0,0.0,0.0,,0.0,0.0,0.0,,,0.0,0.0,,0.0,0.0,,,0.0,,,0.0,0.0,0.0,0.0,0.0,2020-01-15
0.0,0.0,0.0,,0.0,0.0,0.0,0.0,0.0,0.0,0.0,,0.0,0.0,0.0,,,0.0,0.0,,0.0,0.0,,,0.0,,,0.0,0.0,0.0,0.0,0.0,2020-01-14
0.0,0.0,0.0,,0.0,0.0,0.0,0.0,0.0,0.0,0.0,,0.0,0.0,0.0,,,0.0,0.0,,0.0,0.0,,,0.0,,,0.0,0.0,0.0,0.0,0.0,2020-01-13
0.0,0.0,0.0,,0.0,0.0,0.0,0.0,0.0,0.0,0.0,,0.0,0.0,0.0,,,0.0,0.0,,0.0,0.0,,,0.0,,,0.0,0.0,0.0,0.0,0.0,2020-01-12
0.0,0.0,0.0,,0.0,0.0,0.0,0.0,0.0,0.0,0.0,,0.0,0.0,0.0,,,0.0,0.0,,0.0,0.0,,,0.0,,,0.0,0.0,0.0,0.0,0.0,2020-01-11
0.0,0.0,0.0,,0.0,0.0,0.0,0.0,0.0,0.0,0.0,,0.0,0.0,0.0,,,0.0,0.0,,0.0,0.0,,,0.0,,,0.0,0.0,0.0,0.0,0.0,2020-01-10
0.0,0.0,0.0,,0.0,0.0,0.0,0.0,0.0,0.0,0.0,,0.0,0.0,0.0,,,0.0,0.0,,0.0,0.0,,,0.0,,,0.0,0.0,0.0,0.0,0.0,2020-01-09
0.0,0.0,0.0,,0.0,0.0,0.0,0.0,0.0,0.0,0.0,,0.0,0.0,0.0,,,0.0,0.0,,0.0,0.0,,,0.0,,,0.0,0.0,0.0,0.0,0.0,2020-01-08
0.0,0.0,0.0,,0.0,0.0,0.0,0.0,0.0,0.0,0.0,,0.0,0.0,0.0,,,0.0,0.0,,0.0,0.0,,,0.0,,,0.0,0.0,0.0,0.0,0.0,2020-01-07
0.0,0.0,0.0,,0.0,0.0,0.0,0.0,0.0,0.0,0.0,,0.0,0.0,0.0,,,0.0,0.0,,0.0,0.0,,,0.0,,,0.0,0.0,0.0,0.0,0.0,2020-01-06
0.0,0.0,0.0,,0.0,0.0,0.0,0.0,0.0,0.0,0.0,,0.0,0.0,0.0,,,0.0,0.0,,0.0,0.0,,,0.0,,,0.0,0.0,0.0,0.0,0.0,2020-01-05
0.0,0.0,0.0,,0.0,0.0,0.0,0.0,0.0,0.0,0.0,,0.0,0.0,0.0,,,0.0,0.0,,0.0,0.0,,,0.0,,,0.0,0.0,0.0,0.0,0.0,2020-01-04
0.0,0.0,0.0,,0.0,0.0,0.0,0.0,0.0,0.0,0.0,,0.0,0.0,0.0,,,0.0,0.0,,0.0,0.0,,,0.0,,,0.0,0.0,0.0,0.0,0.0,2020-01-03
0.0,0.0,0.0,,0.0,0.0,0.0,0.0,0.0,0.0,0.0,,0.0,0.0,0.0,,,0.0,0.0,,0.0,0.0,,,0.0,,,0.0,0.0,0.0,0.0,0.0,2020-01-02
0.0,0.0,0.0,,0.0,0.0,0.0,0.0,0.0,0.0,0.0,,0.0,0.0,0.0,,,0.0,0.0,,0.0,0.0,,,0.0,,,0.0,0.0,0.0,0.0,0.0,2020-01-01
0.0,0.0,0.0,,0.0,0.0,0.0,0.0,0.0,0.0,0.0,,0.0,0.0,0.0,,,0.0,0.0,,0.0,0.0,,,0.0,,,0.0,0.0,0.0,0.0,0.0,2019-12-31
