DATES,VIX,PX_BID,PX_ASK,PX_LAST,MATURITY,DAYS_TO_MATURITY,FORECAST,PREMIUM,PX_LAST_EOM,MATURITY_EOM,MATURITY_MONTH,XR,VIX_R
2005-01-03,14.08,14.88,15.02,14.95,2005-02-16,31.0,14.886880302809216,0.0631196971907837,14.95,2005-02,2005-02,-0.11304347826086958,-0.0028620519337366757
2005-01-31,12.82,13.83,13.98,13.91,2005-03-16,31.0,14.62682173197867,-0.7168217319786692,13.26,2005-02,2005-03,-0.11286843997124374,0.0346255833711806
2005-02-28,12.08,,,11.3,2005-04-11,30.0,13.706656945965328,-2.4066569459653273,12.34,2005-03,2005-04,-0.015044247787610598,0.14471446263557186
2005-03-31,14.02,14.5,14.6,14.55,2005-05-18,34.0,15.339242239879416,-0.7892422398794157,11.13,2005-04,2005-05,0.05841924398625431,0.033164290675677055
2005-04-29,15.31,15.48,15.68,15.58,2005-06-15,32.0,16.302172908824026,-0.7221729088240263,15.4,2005-05,2005-06,-0.1482670089858794,0.03018142503375465
2005-05-31,13.29,,,11.1,2005-07-11,28.0,14.564727528178116,-3.4647275281781162,13.27,2005-06,2005-07,0.002702702702702897,0.22598325718366863
2005-06-30,12.04,14.05,14.1,14.08,2005-08-17,33.0,13.753413862080906,0.32658613791909374,11.13,2005-07,2005-08,-0.1257102272727273,-0.014823393367357052
2005-07-29,11.57,,,10.94,2005-09-12,30.0,13.041238607834776,-2.1012386078347767,12.31,2005-08,2005-09,0.0013711151736746086,0.13086578206771726
2005-08-31,12.6,14.05,14.16,14.11,2005-10-19,33.0,14.470876582462656,-0.36087658246265697,10.955,2005-09,2005-10,-0.08291991495393336,0.016200783744575453
2005-09-30,11.92,14.03,14.05,14.04,2005-11-16,31.0,13.81654082114144,0.22345917885855826,12.94,2005-10,2005-11,0.030626780626780814,-0.010809609550057053
2005-10-31,15.32,14.43,14.63,14.53,2005-12-21,35.0,16.262821772662896,-1.7328217726628967,14.47,2005-11,2005-12,-0.16104611149346182,0.06993691772760591
2005-11-30,12.06,13.12,13.31,13.22,2006-01-18,32.0,13.557734094836157,-0.337734094836156,12.19,2005-12,2006-01,-0.05824508320726185,0.016692570044068766
2005-12-30,12.07,14.04,14.14,14.09,2006-02-15,31.0,13.377481930071534,0.7125180699284659,12.45,2006-01,2006-02,-0.09865152590489712,-0.03454228500044887
2006-01-31,12.95,13.1,13.27,13.19,2006-03-22,35.0,14.35475343300352,-1.1647534330035203,12.7,2006-02,2006-03,-0.07581501137225166,0.052084361023328585
2006-02-28,12.34,12.7,12.9,12.8,2006-04-19,36.0,13.942848870034828,-1.1428488700348272,12.19,2006-03,2006-04,-0.05312500000000009,0.05115292794335846
2006-03-31,11.39,12.8,12.82,12.81,2006-05-17,33.0,13.161943718006285,-0.3519437180062841,12.12,2006-04,2006-05,-0.04527712724434041,0.017397280646925806
2006-04-28,11.59,12.5,12.59,12.55,2006-06-21,37.0,13.517806024934345,-0.9678060249343439,12.23,2006-05,2006-06,0.26693227091633465,0.043064440082344335
2006-05-31,16.44,15.82,15.93,15.88,2006-07-19,34.0,16.965034853726983,-1.0850348537269827,15.9,2006-06,2006-07,-0.11712846347607064,0.041667466926070595
2006-06-30,13.08,14.84,14.9,14.87,2006-08-16,32.0,15.293198505161902,-0.4231985051619027,14.02,2006-07,2006-08,-0.010759919300605159,0.01858658737970509
2006-07-31,14.95,15.31,15.4,15.36,2006-09-20,36.0,16.11656440469215,-0.7565644046921491,14.71,2006-08,2006-09,-0.1386718749999999,0.028444193506590887
2006-08-31,12.31,14.18,14.25,14.22,2006-10-18,32.0,13.86351052877257,0.35648947122743024,13.23,2006-09,2006-10,-0.07876230661040795,-0.016523610370277275
2006-09-29,11.98,14.61,14.65,14.63,2006-11-15,31.0,13.477618222024663,1.1523817779753376,13.1,2006-10,2006-11,-0.2269309637730691,-0.054061826875933305
2006-10-31,11.1,12.11,12.2,12.16,2006-12-20,34.0,12.866210509628662,-0.7062105096286615,11.31,2006-11,2006-12,-0.06496710526315796,0.03548282775548017
2006-11-30,10.91,12.51,12.53,12.52,2007-01-17,31.0,12.608987291093053,-0.08898729109305314,11.37,2006-12,2007-01,-0.01757188498402551,0.004809330885565455
2006-12-29,11.56,13.07,13.15,13.11,2007-02-14,31.0,12.880232193809723,0.22976780619027615,12.3,2007-01,2007-02,-0.12204424103737599,-0.011906375468957453
2007-01-31,10.42,12.3,12.4,12.35,2007-03-21,34.0,12.464124734336046,-0.11412473433604653,11.51,2007-02,2007-03,0.09311740890688269,0.005697555119979825
2007-02-28,15.42,13.5,13.6,13.55,2007-04-18,35.0,15.062067731358662,-1.5120677313586608,13.5,2007-03,2007-04,0.06937269372693722,0.06553367731300219
2007-03-30,14.64,14.37,14.4,14.39,2007-05-16,33.0,15.453206995576732,-1.0632069955767314,14.49,2007-04,2007-05,-0.06810284920083398,0.04640651767546
2007-04-30,14.22,13.84,13.88,13.86,2007-06-20,36.0,14.9053066803384,-1.0453066803384008,13.41,2007-05,2007-06,-0.0209235209235209,0.04332668829215747
2007-05-31,13.05,14.21,14.3,14.26,2007-07-18,33.0,14.408676647792031,-0.1486766477920316,13.57,2007-06,2007-07,0.1353436185133241,0.006622293408535818
2007-06-29,16.23,16.12,16.19,16.16,2007-08-22,37.0,16.649109262580783,-0.4891092625807829,16.19,2007-07,2007-08,0.2698019801980198,0.01706755346952571
2007-07-31,23.52,20.32,21.21,20.77,2007-09-19,35.0,21.224332198119352,-0.4543321981193529,20.52,2007-08,2007-09,0.14106884930187769,0.013067825892977947
2007-08-31,23.38,22.61,22.78,22.7,2007-10-17,31.0,22.77296565322096,-0.07296565322096171,23.7,2007-09,2007-10,-0.16651982378854613,0.002176332872320774
2007-09-28,18.0,19.76,19.82,19.79,2007-11-21,36.0,18.722948721022,1.0670512789779991,18.92,2007-10,2007-11,-0.03688731682668012,-0.03181519005358857
2007-10-31,18.53,20.25,20.34,20.3,2007-12-19,33.0,19.13283690479227,1.16716309520773,19.06,2007-11,2007-12,0.19162561576354675,-0.03698101849307822
2007-11-30,22.87,24.35,24.38,24.37,2008-01-16,31.0,22.835459506810288,1.5345404931897129,24.19,2007-12,2008-01,-0.05129257283545341,-0.0431017376020445
2007-12-31,22.5,24.11,24.27,24.19,2008-02-19,33.0,21.129726013000003,3.0602739869999986,23.12,2008-01,2008-02,0.059942124844977185,-0.08247326942144717
2008-01-31,26.2,25.22,25.39,25.31,2008-03-19,33.0,24.929360091806885,0.380639908193114,25.64,2008-02,2008-03,0.031212959304622867,-0.009596693073900875
2008-02-29,26.54,26.21,26.5,26.36,2008-04-16,33.0,24.06129516035273,2.298704839647268,26.1,2008-03,2008-04,-0.013277693474961993,-0.056410289022731486
2008-03-31,25.61,26.25,26.35,26.3,2008-05-21,37.0,24.27199494971673,2.0280050502832694,26.01,2008-04,2008-05,-0.19239543726235753,-0.04452327134363354
2008-04-30,20.79,22.1,22.17,22.14,2008-06-18,34.0,20.30072034556861,1.8392796544313903,21.24,2008-05,2008-06,-0.12466124661246614,-0.05215875677834503
2008-05-30,17.83,21.74,21.8,21.77,2008-07-16,32.0,18.305441363591445,3.4645586364085545,19.38,2008-06,2008-07,0.11116214974735894,-0.10751964519514412
2008-06-30,23.95,23.85,24.0,23.93,2008-08-20,36.0,22.39105621119383,1.5389437888061686,24.19,2008-07,2008-08,-0.04847471792728797,-0.0380327999326141
2008-07-31,22.94,22.88,22.99,22.94,2008-09-17,33.0,22.09353296823405,0.8464670317659504,22.77,2008-08,2008-09,-0.05405405405405417,-0.02364152789524754
2008-08-29,20.65,22.97,23.0,22.99,2008-10-22,36.0,20.13163840530529,2.85836159469471,21.7,2008-09,2008-10,0.3336233144845586,-0.07452415638152043
2008-09-30,39.39,28.13,28.3,28.22,2008-11-19,34.0,33.81105910652533,-5.591059106525329,30.66,2008-10,2008-11,0.9337349397590362,0.11811477040291485
2008-10-31,59.89,44.85,45.0,44.93,2008-12-17,31.0,56.56528941759965,-11.635289417599651,54.57,2008-11,2008-12,0.18428666815045625,0.16882944826415502
2008-11-28,55.28,50.52,50.68,50.6,2009-01-21,35.0,51.68871555947496,-1.0887155594749558,53.21,2008-12,2009-01,-0.17114624505928866,0.01285466817111236
2008-12-31,40.0,42.92,42.93,42.93,2009-02-18,32.0,36.709938582846334,6.220061417153666,41.94,2009-01,2009-02,0.047985092010249364,-0.0976190000982341
2009-01-30,44.84,42.11,42.25,42.18,2009-03-18,32.0,39.36531222422008,2.814687775779923,44.99,2009-02,2009-03,0.05381697486960646,-0.04430970504698417
2009-02-27,46.35,43.8,44.0,43.9,2009-04-15,33.0,41.08425727792429,2.8157427220757114,44.45,2009-03,2009-04,0.026195899772209597,-0.041306735105272274
2009-03-31,44.14,43.85,44.0,43.95,2009-05-20,36.0,38.79972577659059,5.150274223409411,45.05,2009-04,2009-05,-0.15927189988623436,-0.07012614609630419
2009-04-30,36.5,36.9,37.05,37.0,2009-06-17,33.0,33.420227346789986,3.5797726532100143,36.95,2009-05,2009-06,-0.17972972972972967,-0.06270216924692062
2009-05-29,28.92,31.45,31.55,31.5,2009-07-22,37.0,27.612076920208413,3.8879230797915874,30.35,2009-06,2009-07,-0.10952380952380947,-0.07204135965754477
2009-06-30,26.35,29.2,29.25,29.25,2009-08-19,35.0,25.181896373987275,4.068103626012725,28.05,2009-07,2009-08,-0.06837606837606836,-0.08593403751724904
2009-07-31,25.92,29.65,29.7,29.7,2009-09-16,32.0,24.483901139804416,5.216098860195583,27.25,2009-08,2009-09,-0.04040404040404033,-0.11903940059407014
2009-08-31,26.01,30.9,30.95,30.95,2009-10-21,35.0,24.4530238404245,6.4969761595755,28.5,2009-09,2009-10,-0.15024232633279477,-0.1318332459749897
2009-09-30,25.61,27.9,27.95,27.95,2009-11-18,33.0,24.27289694888524,3.6771030511147593,26.3,2009-10,2009-11,-0.003577817531305816,-0.08585258338900292
2009-10-30,30.69,27.65,27.7,27.7,2009-12-16,31.0,27.04784854443539,0.65215145556461,27.85,2009-11,2009-12,-0.12996389891696747,-0.016009936882357523
2009-11-30,24.51,27.1,27.15,27.15,2010-01-20,34.0,22.95303303940273,4.196966960597269,24.1,2009-12,2010-01,-0.15469613259668502,-0.09852195722410695
2009-12-31,21.68,25.75,25.8,25.8,2010-02-17,31.0,20.93980942504616,4.86019057495384,22.95,2010-01,2010-02,-0.04457364341085279,-0.13185157734648223
2010-01-29,24.62,25.3,25.35,25.35,2010-03-17,32.0,23.417580584898666,1.9324194151013359,24.65,2010-02,2010-03,-0.19526627218934922,-0.050704517412036854
2010-02-26,19.5,23.45,23.5,23.5,2010-04-21,38.0,19.976589707179425,3.523410292820575,20.4,2010-03,2010-04,-0.19361702127659575,-0.08585777578514142
2010-03-31,17.59,20.95,21.0,21.0,2010-05-19,35.0,18.139815473599658,2.8601845264003423,18.95,2010-04,2010-05,0.028571428571428692,-0.08409982477801814
2010-04-30,22.05,22.95,23.0,23.0,2010-06-16,32.0,20.92072999928076,2.079270000719241,21.6,2010-05,2010-06,0.3217391304347825,-0.06028825421460593
2010-05-28,32.07,31.25,31.3,31.3,2010-07-21,36.0,30.06025417350036,1.2397458264996395,30.4,2010-06,2010-07,0.08306709265175716,-0.023299264681538756
2010-06-30,34.54,34.1,34.15,34.15,2010-08-18,34.0,30.10872187330457,4.041278126695428,33.9,2010-07,2010-08,-0.25475841874084915,-0.0748424412107116
2010-07-30,23.5,28.55,28.6,28.6,2010-09-15,32.0,22.955080599117995,5.6449194008820065,25.45,2010-08,2010-09,-0.02447552447552459,-0.13436159192155772
2010-08-31,26.05,31.2,31.25,31.25,2010-10-20,34.0,24.82971322255304,6.420286777446961,27.9,2010-09,2010-10,-0.1856,-0.13241816461459832
2010-09-30,23.7,28.15,28.2,28.2,2010-11-17,32.0,22.707903901632275,5.492096098367725,25.45,2010-10,2010-11,-0.22872340425531912,-0.1325085357956406
2010-10-29,21.2,24.2,24.25,24.25,2010-12-22,36.0,20.7467149535907,3.5032850464092995,21.75,2010-11,2010-12,-0.04329896907216502,-0.08699757373436923
2010-11-30,23.54,25.75,25.8,25.8,2011-01-19,33.0,22.07138412020039,3.7286158797996123,23.2,2010-12,2011-01,-0.23643410852713187,-0.09455761201105617
2010-12-31,17.75,21.55,21.6,21.6,2011-02-16,31.0,18.134029180199622,3.465970819800379,19.7,2011-01,2011-02,-0.1157407407407407,-0.11173284332292388
2011-01-31,19.53,20.4,20.45,20.45,2011-03-16,31.0,19.180600549160616,1.2693994508393835,19.1,2011-02,2011-03,-0.06112469437652812,-0.0424826182110869
2011-02-28,18.35,20.25,20.3,20.3,2011-04-20,37.0,19.157387890902445,1.1426121090975556,19.2,2011-03,2011-04,-0.049261083743842415,-0.032345892086314554
2011-03-31,17.74,20.75,20.8,20.8,2011-05-18,34.0,18.61635356683088,2.1836464331691197,19.3,2011-04,2011-05,-0.1971153846153847,-0.06621104223603791
2011-04-29,14.75,18.25,18.35,18.35,2011-06-15,32.0,16.096141791657203,2.2538582083427983,16.7,2011-05,2011-06,-0.09809264305177112,-0.08240718535678959
2011-05-31,15.45,18.5,18.55,18.55,2011-07-20,35.0,16.90682763339612,1.6431723666038813,16.55,2011-06,2011-07,-0.04582210242587603,-0.05413114256195184
2011-06-30,16.52,18.7,18.8,18.75,2011-08-17,33.0,18.09288849855337,0.6571115014466287,17.7,2011-07,2011-08,0.12533333333333352,-0.02244638581208358
2011-07-29,25.25,21.05,21.1,21.1,2011-09-21,37.0,22.94875912192112,-1.8487591219211197,21.1,2011-08,2011-09,0.4999999999999998,0.048824977711278805
2011-08-31,31.62,30.15,30.2,30.2,2011-10-19,33.0,30.300330096457344,-0.10033009645734481,31.65,2011-09,2011-10,0.3956953642384107,0.0021128449573180053
2011-09-30,42.96,37.7,37.75,37.75,2011-11-16,31.0,37.38152284566861,0.36847715433138717,42.15,2011-10,2011-11,-0.20662251655629138,-0.006622734743404246
2011-10-31,29.96,28.15,28.2,28.2,2011-12-21,35.0,27.38107265813296,0.8189273418670382,29.95,2011-11,2011-12,0.005319148936170359,-0.01752658024463538
2011-11-30,27.8,30.8,30.95,30.9,2012-01-18,32.0,27.63006917901197,3.26993082098803,28.35,2011-12,2012-01,-0.13592233009708732,-0.07077332770359113
2011-12-30,23.4,27.1,27.2,27.15,2012-02-15,31.0,22.58936725611724,4.56063274388276,26.7,2012-01,2012-02,-0.23020257826887658,-0.1171287326001792
2012-01-31,19.44,22.7,22.75,22.75,2012-03-21,35.0,19.568267120280545,3.181732879719455,20.9,2012-02,2012-03,-0.07692307692307687,-0.08642842103547388
2012-02-29,18.43,23.95,24.0,24.0,2012-04-18,35.0,18.80112899808143,5.198871001918569,21.0,2012-03,2012-04,-0.29999999999999993,-0.13625884616708173
2012-03-30,15.5,18.95,19.0,19.0,2012-05-16,33.0,16.543371150728824,2.4566288492711763,16.8,2012-04,2012-05,-0.02894736842105272,-0.08433689184359106
2012-04-30,17.15,20.45,20.5,20.5,2012-06-20,36.0,17.98351640708306,2.5164835929169413,18.45,2012-05,2012-06,0.2682926829268293,-0.073553297055714
2012-05-31,24.06,27.3,27.35,27.35,2012-07-17,32.0,22.799024553780864,4.550975446219137,26.0,2012-06,2012-07,-0.28519195612431447,-0.11257981769861658
2012-06-29,17.08,21.9,21.95,21.95,2012-08-21,36.0,18.593075428510065,3.356924571489934,19.55,2012-07,2012-08,-0.09339407744874717,-0.09228102894472612
2012-07-31,18.93,21.6,21.65,21.65,2012-09-18,34.0,18.957510692112525,2.692489307887474,19.9,2012-08,2012-09,-0.12471131639722866,-0.07875271035703646
2012-08-31,17.47,21.15,21.2,21.2,2012-10-16,30.0,17.790513346138564,3.4094866538614355,18.95,2012-09,2012-10,-0.2264150943396227,-0.11550204477763593
2012-09-28,15.73,18.0,18.05,18.05,2012-11-20,35.0,16.631447348284713,1.418552651715288,16.4,2012-10,2012-11,0.049861495844875314,-0.04792381182341365
2012-10-31,18.6,19.45,19.5,19.5,2012-12-18,32.0,18.677080361511265,0.8229196384887345,18.95,2012-11,2012-12,-0.2025641025641025,-0.02789918041462003
2012-11-30,15.87,17.1,17.15,17.15,2013-01-15,30.0,16.6929486254745,0.4570513745254985,15.55,2012-12,2013-01,0.03206997084548102,-0.018730607424597756
2012-12-31,18.02,18.45,18.5,18.5,2013-02-12,29.0,18.89190241683473,-0.3919024168347285,17.7,2013-01,2013-02,-0.1945945945945946,0.015295652515084024
2013-01-31,14.28,15.7,15.75,15.75,2013-03-19,32.0,15.325050787044583,0.42494921295541666,14.9,2013-02,2013-03,0.025396825396825307,-0.017789335291103492
2013-02-28,15.51,16.65,16.7,16.7,2013-04-16,33.0,16.477928542772336,0.22207145722766342,16.15,2013-03,2013-04,-0.14970059880239517,-0.00848275182301872
2013-03-28,12.7,15.55,15.6,15.6,2013-05-21,38.0,14.675700669511144,0.9242993304888554,14.2,2013-04,2013-05,-0.07371794871794879,-0.03319022854997378
2013-04-30,13.52,15.35,15.4,15.4,2013-06-18,34.0,15.1309323234062,0.26906767659380115,14.45,2013-05,2013-06,0.04220779220779214,-0.010827823556108895
2013-05-31,16.3,17.1,17.15,17.15,2013-07-16,31.0,16.480043122054067,0.669956877945932,16.05,2013-06,2013-07,0.05247813411078739,-0.026632751329827342
2013-06-28,16.86,18.85,18.9,18.9,2013-08-20,36.0,17.944127314738548,0.9558726852614505,18.05,2013-07,2013-08,-0.2645502645502644,-0.029820753185129334
2013-07-31,13.45,15.35,15.4,15.4,2013-09-17,33.0,14.849143267726111,0.5508567322738891,13.9,2013-08,2013-09,0.13636363636363624,-0.022913173827061595
2013-08-30,17.01,18.1,18.15,18.15,2013-10-15,30.0,17.32300993971787,0.8269900602821281,17.5,2013-09,2013-10,-0.1074380165289256,-0.032117343849640045
2013-09-30,16.6,16.85,16.9,16.9,2013-11-19,34.0,16.768428503487932,0.13157149651206623,16.2,2013-10,2013-11,-0.14201183431952658,-0.004815747656663372
2013-10-31,13.75,15.45,15.55,15.5,2013-12-17,31.0,15.02230804310847,0.47769195689152966,14.5,2013-11,2013-12,-0.10000000000000009,-0.02098248804532732
2013-11-29,13.7,15.1,15.15,15.15,2014-01-21,34.0,14.888800233585195,0.2611997664148049,13.95,2013-12,2014-01,-0.07920792079207928,-0.01068417730025839
2013-12-31,13.72,14.7,14.75,14.75,2014-02-18,32.0,14.912772120681268,-0.162772120681268,13.95,2014-01,2014-02,0.1932203389830509,0.007228311476832561
2014-01-31,18.41,17.3,17.35,17.35,2014-03-17,30.0,18.103779391848743,-0.7537793918487417,17.6,2014-02,2014-03,-0.12103746397694537,0.030217300534570946
2014-02-28,14.0,15.65,15.7,15.7,2014-04-15,32.0,15.364180398903054,0.3358196010969454,15.25,2014-03,2014-04,-0.03503184713375784,-0.014089151496640917
2014-03-31,13.88,15.8,15.85,15.85,2014-05-20,36.0,15.561296276297597,0.2887037237024028,15.15,2014-04,2014-05,-0.05362776025236593,-0.010665939277842318
2014-04-30,13.41,15.7,15.75,15.75,2014-06-17,33.0,14.97694857372664,0.7730514262733603,15.0,2014-05,2014-06,-0.15555555555555556,-0.03151954573232674
2014-05-30,11.4,14.75,14.8,14.8,2014-07-15,31.0,13.288448161152562,1.5115518388474385,13.3,2014-06,2014-07,-0.15878378378378388,-0.07038038967901705
2014-06-30,11.57,13.3,13.35,13.35,2014-08-19,35.0,13.445421978754062,-0.09542197875406266,12.45,2014-07,2014-08,0.13857677902621712,0.004282517843704703
2014-07-31,16.95,15.45,15.5,15.5,2014-09-16,32.0,16.343949620557375,-0.8439496205573747,15.2,2014-08,2014-09,-0.10967741935483866,0.03540525332411626
2014-08-29,11.98,14.5,14.55,14.55,2014-10-21,35.0,13.770208387417156,0.7797916125828444,13.8,2014-09,2014-10,0.1202749140893471,-0.03250994048406708
2014-09-30,16.31,16.6,16.65,16.65,2014-11-19,34.0,16.637770561970264,0.012229438029734752,16.3,2014-10,2014-11,-0.0510510510510509,-0.00045372597254578206
2014-10-31,14.03,16.0,16.05,16.05,2014-12-17,31.0,15.821204834926574,0.2287951650734268,15.8,2014-11,2014-12,-0.07476635514018692,-0.009679058427306653
2014-11-28,13.33,15.9,15.95,15.95,2015-01-21,35.0,14.689127880782143,1.260872119217856,14.85,2014-12,2015-01,0.1300940438871474,-0.04820987499182383
2014-12-31,19.2,18.2,18.25,18.225,2015-02-18,32.0,18.366362246740024,-0.14136224674002307,18.025,2015-01,2015-02,0.15363511659807938,0.00508344182806586
2015-01-30,20.97,20.2,20.3,20.25,2015-03-18,32.0,20.0202311299724,0.22976887002759838,21.025,2015-02,2015-03,-0.21851851851851856,-0.0074608092745575005
2015-02-27,13.34,17.35,17.4,17.375,2015-04-15,33.0,15.109884312336934,2.265115687663066,15.825,2015-03,2015-04,-0.06330935251798564,-0.08505319739741268
2015-03-31,15.29,17.8,17.85,17.825,2015-05-20,36.0,16.221552841741705,1.6034471582582945,16.275,2015-04,2015-05,-0.12903225806451613,-0.05350130946024534
2015-04-30,14.55,16.6,16.65,16.625,2015-06-17,33.0,15.255915486165607,1.3690845138343928,15.525,2015-05,2015-06,-0.12030075187969924,-0.05322069088523296
2015-05-29,13.84,15.8,15.85,15.825,2015-07-22,37.0,15.106635414002884,0.7183645859971151,14.625,2015-06,2015-07,0.09478672985782,-0.026022838415336036
2015-06-30,18.23,17.35,17.4,17.375,2015-08-19,35.0,17.646115132433025,-0.27111513243302454,17.325,2015-07,2015-08,-0.1956834532374101,0.009333242722635582
2015-07-31,12.12,15.3,15.35,15.325,2015-09-16,32.0,14.0991234190822,1.2258765809177987,13.975,2015-08,2015-09,0.7243066884176184,-0.05324358484243663
2015-08-31,28.43,23.4,23.45,23.425,2015-10-21,35.0,26.013967966018136,-2.588967966018135,26.425,2015-09,2015-10,-0.017075773745998002,0.06491808111475961
2015-09-30,24.5,22.1,22.15,22.125,2015-11-18,33.0,23.509614244958723,-1.3846142449587227,23.025,2015-10,2015-11,-0.24858757062146897,0.0393838406935938
2015-10-30,15.07,17.3,17.35,17.325,2015-12-16,31.0,16.072010728296696,1.2529892717033029,16.625,2015-11,2015-12,-0.02020202020202011,-0.04958326083874476
2015-11-30,16.13,17.75,17.8,17.775,2016-01-20,34.0,16.904155757579193,0.8708442424208052,16.975,2015-12,2016-01,0.04219409282700415,-0.030550177696790914
2015-12-31,18.21,18.85,18.9,18.875,2016-02-17,31.0,18.22283727881474,0.6521627211852596,18.525,2016-01,2016-02,0.14569536423841067,-0.02353843383331633
2016-01-29,20.2,21.3,21.35,21.325,2016-03-16,32.0,21.087026567727385,0.23797343227261436,21.625,2016-02,2016-03,0.021101992966002348,-0.007337449408859054
2016-02-29,20.55,22.15,22.2,22.175,2016-04-20,37.0,20.413874322466025,1.7611256775339754,21.775,2016-03,2016-04,-0.2818489289740699,-0.04588077244281974
2016-03-31,13.95,17.6,17.65,17.625,2016-05-18,34.0,15.453426072425067,2.171573927574933,15.925,2016-04,2016-05,-0.04255319148936165,-0.07800265987824961
2016-04-29,15.7,18.95,19.0,18.975,2016-06-15,32.0,16.148849841614087,2.8261501583859143,16.875,2016-05,2016-06,-0.1949934123847168,-0.10042759133260393
2016-05-31,14.19,17.45,17.5,17.475,2016-07-20,35.0,15.524431006769126,1.9505689932308758,15.275,2016-06,2016-07,-0.028612303290414864,-0.06855094953204777
2016-06-30,15.63,18.3,18.35,18.325,2016-08-17,33.0,17.74564388851121,0.5793561114887886,16.975,2016-07,2016-08,-0.24556616643929063,-0.020236370334751896
2016-07-29,11.87,16.4,16.45,16.425,2016-09-21,37.0,14.07518971113412,2.3498102888658803,13.825,2016-08,2016-09,-0.11263318112633192,-0.08389773203652118
2016-08-31,13.42,16.7,16.75,16.725,2016-10-19,33.0,14.71234844511904,2.0126515548809607,14.575,2016-09,2016-10,-0.05680119581464882,-0.07835292703862373
2016-09-30,13.29,16.9,17.0,16.95,2016-11-16,31.0,14.762374492797584,2.1876255072024158,15.775,2016-10,2016-11,0.016224188790560534,-0.08936213580429553
2016-10-31,17.06,17.4,17.45,17.425,2016-12-21,35.0,17.038459503848237,0.38654049615176334,17.225,2016-11,2016-12,-0.16642754662840742,-0.013369529610926745
2016-11-30,13.33,16.25,16.3,16.275,2017-01-18,32.0,14.632487672453497,1.642512327546502,14.525,2016-12,2017-01,-0.07066052227342545,-0.0674343974048176
2016-12-30,14.04,16.55,16.6,16.575,2017-02-15,31.0,14.74632247274093,1.8286775272590692,15.125,2017-01,2017-02,-0.22021116138763186,-0.07613705616683197
2017-01-31,11.99,14.3,14.35,14.325,2017-03-22,35.0,13.579538069646985,0.7454619303530148,12.925,2017-02,2017-03,-0.055846422338568846,-0.031556653450743766
2017-02-28,12.92,15.3,15.35,15.325,2017-04-19,36.0,14.257535965088174,1.0674640349118256,13.525,2017-03,2017-04,-0.13376835236541595,-0.041242011267267564
2017-03-31,12.37,13.55,13.6,13.575,2017-05-17,33.0,13.836932344629274,-0.2619323446292743,13.275,2017-04,2017-05,-0.09576427255985265,0.01223606082266726
2017-04-28,10.82,13.1,13.15,13.125,2017-06-21,37.0,13.38729884779396,-0.26229884779396073,12.275,2017-05,2017-06,-0.09904761904761905,0.01129410322844504
2017-05-31,10.41,12.65,12.7,12.675,2017-07-19,34.0,12.532690718932404,0.14230928106759677,11.825,2017-06,2017-07,-0.027613412228796985,-0.006949629773715271
2017-06-30,11.18,12.65,12.7,12.675,2017-08-16,32.0,12.896175716661888,-0.22117571666188773,12.325,2017-07,2017-08,-0.11045364891518739,0.011417326376806702
2017-07-31,10.26,12.45,12.5,12.475,2017-09-20,36.0,12.30670147671875,0.1682985232812495,11.275,2017-08,2017-09,0.012024048096192397,-0.007891930965133298
2017-08-31,10.59,13.7,13.75,13.725,2017-10-18,32.0,12.92928580150088,0.7957141984991196,12.625,2017-09,2017-10,-0.14936247723132967,-0.03843575233268992
2017-09-29,9.51,13.0,13.05,13.025,2017-11-15,31.0,11.787125936724468,1.237874063275532,11.675,2017-10,2017-11,-0.13435700575815734,-0.06541145768665435
2017-10-31,10.18,12.15,12.2,12.175,2017-12-20,34.0,12.326248562923157,-0.15124856292315592,11.275,2017-11,2017-12,-0.04106776180698146,0.007654835807634264
2017-11-30,11.28,13.0,13.05,13.025,2018-01-17,31.0,12.652086082072652,0.37291391792734885,11.675,2017-12,2018-01,-0.11900191938579663,-0.019485653359130217
2017-12-29,11.04,12.45,12.5,12.475,2018-02-14,31.0,12.441375542840046,0.03362445715995399,11.475,2018-01,2018-02,0.08016032064128265,-0.00182667512284862
2018-01-31,13.54,13.65,13.7,13.675,2018-03-21,34.0,14.515837238529103,-0.8408372385291027,13.475,2018-02,2018-03,0.3583180987202923,0.03754316122482115
2018-02-28,19.85,17.9,18.0,17.875,2018-04-18,35.0,19.445822943745203,-1.5708229437452026,18.575,2018-03,2018-04,0.10629370629370616,0.05183632735215915
2018-03-29,19.97,,,19.225,2018-05-16,34.0,20.206311245107244,-0.9813112451072428,19.775,2018-04,2018-05,-0.13524057217165153,0.031226240434276242
2018-04-30,15.93,16.95,17.05,16.925,2018-06-20,36.0,16.99609105506118,-0.07109105506117785,16.625,2018-05,2018-06,-0.08862629246676512,0.0024480688192773936
2018-05-31,15.43,15.85,15.9,15.875,2018-07-18,33.0,15.982193914489072,-0.10719391448907167,15.425,2018-06,2018-07,0.0094488188976376,0.0042917050868245266
2018-06-29,16.09,16.45,16.5,16.375,2018-08-22,37.0,16.78727234655566,-0.41227234655566036,16.025,2018-07,2018-08,-0.1404580152671756,0.014212746223581041
2018-07-31,12.83,14.95,15.05,15.025,2018-09-19,35.0,14.427480721456996,0.5975192785430039,14.075,2018-08,2018-09,-0.06655574043261236,-0.024054393759475046
2018-08-31,12.86,15.15,15.2,15.175,2018-10-17,31.0,14.192699492188328,0.9823005078116722,14.025,2018-09,2018-10,-0.07907742998352563,-0.04432177173991669
2018-09-28,12.12,14.9,14.95,14.975,2018-11-21,36.0,13.964308740835394,1.0106912591646058,13.975,2018-10,2018-11,0.353923205342237,-0.03994225285405828
2018-10-31,21.23,19.75,19.8,19.775,2018-12-19,33.0,21.250023492544805,-1.475023492544807,20.275,2018-11,2018-12,-0.10619469026548667,0.04684373834187294
2018-11-30,18.07,18.2,18.3,18.175,2019-01-16,31.0,18.73341830953955,-0.558418309539551,17.675,2018-12,2019-01,0.33012379642365897,0.020711620887537308
2018-12-31,25.42,22.3,22.35,22.275,2019-02-13,30.0,25.05384789162082,-2.7788478916208206,24.175,2019-01,2019-02,-0.23120089786756448,0.08577467193495503
2019-01-31,16.57,17.75,17.8,17.775,2019-03-19,32.0,17.79974253969561,-0.024742539695612464,17.125,2019-02,2019-03,-0.12376933895921238,0.0009132719754829655
2019-02-28,14.78,16.3,16.35,16.225,2019-04-17,34.0,15.863364432460262,0.36163556753973936,15.575,2019-03,2019-04,-0.06163328197226514,-0.013825875021574174
2019-03-29,13.71,16.3,16.35,16.325,2019-05-22,38.0,15.451393210116729,0.8736067898832705,15.225,2019-04,2019-05,-0.11638591117917296,-0.029936657582771975
2019-04-30,13.12,15.65,15.7,15.775,2019-06-19,35.0,14.534393715070204,1.2406062849297967,14.425,2019-05,2019-06,0.1521394611727418,-0.04795707166021568
2019-05-31,18.71,18.35,18.45,18.375,2019-07-17,32.0,18.28864699597909,0.08635300402091062,18.175,2019-06,2019-07,-0.1551020408163265,-0.003086532164757294
2019-06-28,15.08,16.6,16.65,16.575,2019-08-21,37.0,16.313305662065883,0.26169433793411656,15.525,2019-07,2019-08,-0.0301659125188537,-0.00899186225217985
2019-07-31,16.12,17.2,17.25,17.175,2019-09-18,34.0,15.985053786929903,1.1899462130700975,16.075,2019-08,2019-09,0.09606986899563319,-0.04337851235723578
2019-08-30,18.98,19.2,19.25,19.175,2019-10-16,31.0,18.9493564451197,0.22564355488029975,18.825,2019-09,2019-10,-0.106910039113429,-0.00798680291993803
2019-09-30,16.24,18.3,18.4,18.275,2019-11-20,35.0,16.878847228072587,1.3961527719274116,17.125,2019-10,2019-11,-0.16415868673050604,-0.04656467623229876
2019-10-31,13.22,16.7,16.75,16.725,2019-12-18,32.0,14.629049599541537,2.095950400458465,15.275,2019-11,2019-12,-0.15545590433482814,-0.08411899235721398
2019-11-29,12.62,16.35,16.4,16.375,2020-01-22,35.0,14.099843656206248,2.2751563437937516,14.125,2019-12,2020-01,-0.10687022900763354,-0.08584509670470541
2019-12-31,13.78,16.55,16.6,16.625,2020-02-19,33.0,14.906905410930326,1.7180945890696737,14.625,2020-01,2020-02,0.09624060150375957,-0.06706194527449971
2020-01-31,18.84,17.75,17.8,17.725,2020-03-18,32.0,17.837475624615596,-0.11247562461559468,18.225,2020-02,2020-03,0.4851904090267982,0.004159766065968684
2020-02-28,40.11,22.9,23.05,23.025,2020-04-15,33.0,30.95508597574357,-7.930085975743573,26.325,2020-03,2020-04,1.0314875135722041,0.2072392031061432
2020-03-31,53.54,40.1,41.95,40.925,2020-05-20,36.0,47.15767896382727,-6.232678963827276,46.775,2020-04,2020-05,-0.1698228466707391,0.08620595108484186
2020-04-30,34.15,33.6,34.0,33.225,2020-06-17,33.0,30.058853795225296,3.166146204774705,33.975,2020-05,2020-06,-0.1324303987960873,-0.06174063539312402
2020-05-29,27.51,30.1,30.15,30.175,2020-07-22,37.0,25.146692264283825,5.028307735716176,28.825,2020-06,2020-07,0.023198011599005808,-0.09828828449296667
2020-06-30,30.43,31.7,31.8,31.825,2020-08-19,35.0,27.54936842139491,4.27563157860509,30.875,2020-07,2020-08,-0.15710919088766695,-0.08292270613829578
2020-07-31,24.46,29.65,29.7,29.625,2020-09-16,32.0,23.17424872589944,6.450751274100561,26.825,2020-08,2020-09,-0.05907172995780585,-0.14884399240758606
2020-08-31,26.41,33.25,33.35,33.225,2020-10-21,35.0,23.574290587609774,9.650709412390228,27.875,2020-09,2020-10,-0.08577878103837477,-0.18607537940062435
2020-09-30,26.37,32.8,32.9,32.875,2020-11-18,33.0,24.46316061059417,8.41183938940583,30.375,2020-10,2020-11,0.03726235741444861,-0.17144623677679782
2020-10-30,38.02,33.45,33.5,34.075,2020-12-16,31.0,32.160010418531115,1.9149895814688875,34.1,2020-11,2020-12,-0.3074101247248716,-0.0384243878621241
