DATES,VIXR_DAILY_2
2009-12-03,-0.0022505898333277097
2009-12-04,-0.0026132987221949566
2009-12-07,-0.0031403204467798096
2009-12-08,-0.003840447177192008
2009-12-09,-0.004001658140507014
2009-12-10,-0.0033401414318730005
2009-12-11,-0.0026151434354046987
2009-12-14,-0.0035730121883901234
2009-12-15,-0.004923858463328323
2009-12-16,-0.005136852622145693
2009-12-17,-0.005904017203941736
2009-12-18,-0.00572754377311635
2009-12-21,-0.005573504484766567
2009-12-22,-0.005285598930105384
2009-12-23,-0.005992566746504946
2009-12-28,-0.003579891127822976
2009-12-29,-0.003576194051190029
2009-12-30,-0.002305762279094181
2010-01-04,-0.0021040931186295797
2010-01-05,-0.0025288789046993276
2010-01-06,-0.003281707271273304
2010-01-07,-0.003056018842168551
2010-01-08,-0.0025449392137479876
2010-01-11,-0.0031331652872301774
2010-01-12,-0.0030078285453254416
2010-01-13,-0.003110521491265006
2010-01-14,-0.002979922012900982
2010-01-15,-0.0031390661285557453
2010-01-18,-0.004636209555719528
2010-01-19,-0.0035493584361215857
2010-01-20,-0.005010859348101193
2010-01-21,-0.0034846511115053103
2010-01-22,-0.0023966429597053196
2010-01-25,0.0014775266982807178
2010-01-26,-0.001410207915130357
2010-01-27,-0.0003016652126279773
2010-01-28,0.0004170814105408649
2010-01-29,0.0011754968635795393
2010-02-01,0.001038175151407028
2010-02-02,0.00019993519063654652
2010-02-03,0.0005200313710980176
2010-02-04,0.0005340662138186847
2010-02-05,0.0007339749964458964
2010-02-08,0.0012374725023927002
2010-02-09,0.0014844729983094496
2010-02-10,0.001338822528331285
2010-02-11,0.0009185306096450851
2010-02-12,0.000936203846375161
2010-02-15,0.001061623881113638
2010-02-16,0.0008005736539291597
2010-02-17,0.0005155900641948818
2010-02-18,0.0011921684755302753
2010-02-19,0.00048007611726830213
2010-02-22,4.990123820380887e-05
2010-02-23,-0.0010620491717715508
2010-02-24,0.0004119591306488424
2010-02-25,-0.0006874896088268079
2010-02-26,9.461534358012891e-05
2010-03-01,0.00013581933937478752
2010-03-02,-0.0007509360993565029
2010-03-03,-0.0003408955331223318
2010-03-04,-0.0003597247113149571
2010-03-05,-0.0008247529254559183
2010-03-08,-0.0010457917906213643
2010-03-09,-0.0011849136841729502
2010-03-10,-0.0008280194217447079
2010-03-11,-0.0011864814051804062
2010-03-12,-0.0010659224598897898
2010-03-15,-0.0023797250931779645
2010-03-16,-0.00253094709446422
2010-03-17,-0.0025410497947154775
2010-03-18,-0.002764901345779558
2010-03-19,-0.003069106770284047
2010-03-22,-0.003194596753780976
2010-03-23,-0.004297886922366545
2010-03-24,-0.004241170573282882
2010-03-25,-0.003982658765476765
2010-03-26,-0.0033207483685767647
2010-03-29,-0.0027720700626686634
2010-03-30,-0.0034914723764843947
2010-03-31,-0.0016092267923354386
2010-04-01,-0.0025037290606528817
2010-04-06,-0.0020702661229661246
2010-04-07,-0.0019865783166956863
2010-04-08,-0.0012407913991424602
2010-04-09,-0.0013193737571690622
2010-04-12,-0.001160749936760186
2010-04-13,-0.0017537947536341303
2010-04-14,-0.0014383778985711526
2010-04-15,-0.001280050347859607
2010-04-16,-0.0015434883455911486
2010-04-19,-0.002293715103617533
2010-04-20,-0.0008165477824290113
2010-04-21,-0.0017908069204011223
2010-04-22,-0.0025097822700673733
2010-04-23,-0.0013955202959450297
2010-04-26,-0.0015354366525203167
2010-04-27,-0.0018472713793092899
2010-04-28,-0.0005355079232126636
2010-04-29,-0.0009023368497975692
2010-04-30,-0.0007555187924809248
2010-05-03,0.0008140296657217494
2010-05-04,0.00043146848013631
2010-05-05,0.0003020176568679922
2010-05-06,0.000660167013322166
2010-05-07,-0.00027910378819406834
2010-05-10,0.0013324820370852475
2010-05-11,0.0057373725964884326
2010-05-12,0.0038605396436195427
2010-05-13,0.00409510731785967
2010-05-14,0.0035810820163568735
2010-05-17,0.0028517413298458916
2010-05-18,0.005827681404731555
2010-05-19,0.004525489640392788
2010-05-20,0.003171427353814371
2010-05-21,0.004359585302816438
2010-05-24,0.004408721898295331
2010-05-25,0.0029476458498980396
2010-05-26,0.0011358647795813859
2010-05-27,0.0025705256400461174
2010-05-28,0.00397982906581551
2010-05-31,0.0036343019716194025
2010-06-01,0.001031073063868515
2010-06-02,-0.00022178377351222966
2010-06-03,-0.0005508501205007121
2010-06-04,-0.0007129199380573326
2010-06-07,-0.0006253053569301725
2010-06-08,-0.0003960947313994545
2010-06-09,0.0003385217564157994
2010-06-10,0.00025140901011999617
2010-06-11,0.00020380820856402693
2010-06-14,-0.0008913137143565786
2010-06-15,-0.001879672635348606
2010-06-16,-0.0018853655470452146
2010-06-17,-0.002763001877497895
2010-06-18,-0.0020390873774179807
2010-06-21,-0.002564957439185056
2010-06-22,-0.002739698746425878
2010-06-23,-0.0024801463691105363
2010-06-24,-0.004586553510808833
2010-06-25,-0.005602439365295697
2010-06-28,-0.0037769572420482955
2010-06-29,-0.003546730767794881
2010-06-30,-0.003493639016657113
2010-07-01,-0.002729029902220126
2010-07-02,-0.0020640806470482165
2010-07-05,-0.002100914698541456
2010-07-06,-0.0028626855541118434
2010-07-07,-0.003004951970109304
2010-07-08,-0.0026123797106254454
2010-07-09,-0.0031937933571783983
2010-07-12,-0.0034776834637663123
2010-07-13,-0.003894575814010981
2010-07-14,-0.0036210433226850913
2010-07-15,-0.004660197181527104
2010-07-16,-0.004268859381814316
2010-07-19,-0.0065749026075331285
2010-07-20,-0.0072713393312120456
2010-07-21,-0.005611783553176375
2010-07-22,-0.005718954531547138
2010-07-23,-0.0048177333640474496
2010-07-26,-0.003956271460864191
2010-07-27,-0.0029600597474968016
2010-07-28,-0.0037544104427504887
2010-07-29,-0.0037403901203920675
2010-07-30,-0.00400225032193724
2010-08-02,-0.0040472280835694985
2010-08-03,-0.004550885874981647
2010-08-04,-0.004574797684763432
2010-08-05,-0.004634615385984753
2010-08-06,-0.004996193500374946
2010-08-09,-0.005497048251581815
2010-08-10,-0.0054779631588954825
2010-08-11,-0.005269500314060593
2010-08-12,-0.005497532653782056
2010-08-13,-0.004956508431658624
2010-08-16,-0.005682969547137984
2010-08-17,-0.005878112611969355
2010-08-18,-0.005319617595503479
2010-08-19,-0.005849678029858807
2010-08-20,-0.005838325297269353
2010-08-23,-0.005279533232437017
2010-08-24,-0.005992509141344082
2010-08-25,-0.004971381921944129
2010-08-26,-0.004627037312947224
2010-08-27,-0.004764104293909388
2010-08-30,-0.004825588761971145
2010-08-31,-0.005584712397123215
2010-09-01,-0.003645130031887045
2010-09-02,-0.0038995424248975397
2010-09-03,-0.004330446420085399
2010-09-06,-0.004385918145805023
2010-09-07,-0.004770369985115597
2010-09-08,-0.004426582432705994
2010-09-09,-0.0047871168920368135
2010-09-10,-0.005016310295471116
2010-09-13,-0.004725499290193502
2010-09-14,-0.004971082222550494
2010-09-15,-0.004607566442483835
2010-09-16,-0.004279308387271419
2010-09-17,-0.004077132384552873
2010-09-20,-0.0037637757848496545
2010-09-21,-0.003683534795169363
2010-09-22,-0.002848134095853716
2010-09-23,-0.0020661630055308633
2010-09-24,-0.0023778034056575192
2010-09-27,-0.0026759008288917974
2010-09-28,-0.003376342680620703
2010-09-29,-0.002193812198886702
2010-09-30,-0.002233507568776827
2010-10-01,-0.0024893257688206605
2010-10-04,-0.003701638185012457
2010-10-05,-0.003681165238686668
2010-10-06,-0.003363821047538962
2010-10-07,-0.0034818436316769175
2010-10-08,-0.0032751891406795908
2010-10-11,-0.003999528012047282
2010-10-12,-0.004572237477222574
2010-10-13,-0.004309571696385905
2010-10-14,-0.004018998225582604
2010-10-15,-0.003737625698119973
2010-10-18,-0.004350585607389323
2010-10-19,-0.005584077120561748
2010-10-20,-0.005185731244147673
2010-10-21,-0.004271198335635051
2010-10-22,-0.00393628804909818
2010-10-25,-0.002523949572186157
2010-10-26,-0.002106091440973512
2010-10-27,-0.0007187143241420557
2010-10-28,-0.0009546080555645764
2010-10-29,0.00012585954766675123
2010-11-01,1.543901451173113e-05
2010-11-02,-0.0016481586926884173
2010-11-03,-0.0009124365367743081
2010-11-04,-0.000883036731017417
2010-11-05,-0.0002601422771947304
2010-11-08,-0.00045482684806397167
2010-11-09,6.768828630998591e-05
2010-11-10,5.900570355565904e-05
2010-11-11,-0.0004227800684749594
2010-11-12,9.569977009804553e-05
2010-11-15,0.00041144978982132763
2010-11-16,0.0012805139161746748
2010-11-17,0.0013876652318356442
2010-11-18,0.0017881551086738057
2010-11-19,0.0019846306280160153
2010-11-22,0.002136467457112934
2010-11-23,0.0009248965624923944
2010-11-24,0.0017507434795762666
2010-11-25,0.0025195658264591803
2010-11-26,0.0026688395129279563
2010-11-29,0.002614380535674643
2010-11-30,0.0039792922484100934
2010-12-01,0.004102732925044261
2010-12-02,0.00015912915450666532
2010-12-03,0.00018733502312939798
2010-12-06,-0.00017257641881607277
2010-12-07,-0.0004185241345572299
2010-12-08,0.00012919013255041634
2010-12-09,-0.0003082779709399075
2010-12-10,-0.0008386391485488698
2010-12-13,-0.0009642973828107859
2010-12-14,-0.002120048043376177
2010-12-15,-0.0018660470959064313
2010-12-16,-0.002782574223078371
2010-12-17,-0.002521898692223856
2010-12-20,-0.005143811929605002
2010-12-21,-0.00541287410850555
2010-12-22,-0.005550397602913426
2010-12-23,-0.004712196591557083
2010-12-27,-0.005113329456840843
2010-12-28,-0.004610880447259547
2010-12-29,-0.002213502340080109
2010-12-30,-0.0024264438062454596
2011-01-03,-0.0018205809724908262
2011-01-04,-0.0012683734579457262
2011-01-05,-0.001358734239943593
2011-01-06,-0.0017496619799716173
2011-01-07,-0.001980609877629158
2011-01-10,-0.0020910428459275376
2011-01-11,-0.002316848601133903
2011-01-12,-0.0023362039117165168
2011-01-13,-0.0021696321491988524
2011-01-14,-0.0011509917965537575
2011-01-17,-0.0017240745291405846
2011-01-18,-0.002498486991349802
2011-01-19,-0.002465256284948425
2011-01-20,-0.0027192673472874462
2011-01-21,-0.0022935561933160598
2011-01-24,-0.003223899506605843
2011-01-25,-0.004044310831511133
2011-01-26,-0.002852195849930572
2011-01-27,-0.002117761937515672
2011-01-28,-0.0011497873780024204
2011-01-31,-0.0005672637055360585
2011-02-01,-0.0005171361416563824
2011-02-02,-0.0015143258451479902
2011-02-03,-0.0011346351602641302
2011-02-04,-0.001354989197229317
2011-02-07,-0.001522436679377348
2011-02-08,-0.001786109197800867
2011-02-09,-0.001679182561657111
2011-02-10,-0.0014636540874986004
2011-02-11,-0.001830117936869713
2011-02-14,-0.002236963018220073
2011-02-15,-0.0024157403795955767
2011-02-16,-0.0016937509674294082
2011-02-17,-0.0012595485405546558
2011-02-18,-0.0008818881544884194
2011-02-21,-0.0008384180934499774
2011-02-22,-0.0017306188544481405
2011-02-23,-0.00029444230857356146
2011-02-24,0.0007597695666692328
2011-02-25,0.0002565084939003537
2011-02-28,-0.00048183395145251495
2011-03-01,-0.0001637303815092972
2011-03-02,0.00060311150237502
2011-03-03,0.0002754654087706587
2011-03-04,-0.00012645778106323835
2011-03-07,-0.00021019123309085064
2011-03-08,-0.0006299026307391431
2011-03-09,-0.00044184159410520785
2011-03-10,-0.0004697401556127412
2011-03-11,-0.0006801656245482013
2011-03-14,-0.000935607984647091
2011-03-15,-0.0011308870084646427
2011-03-16,-0.0001507522360085778
2011-03-17,0.002721627326119469
2011-03-18,0.004825375950022304
2011-03-21,0.004234939674314431
2011-03-22,0.0032208855962496674
2011-03-23,0.003041879447900131
2011-03-24,0.002980610775381143
2011-03-25,0.0022068517826470124
2011-03-28,0.0016361347494660006
2011-03-29,0.0013375750110915519
2011-03-30,0.0012742314973932523
2011-03-31,0.0007114517996342773
2011-04-01,0.0012062636671308358
2011-04-04,-0.0007354841774320775
2011-04-05,-0.0008776287241740732
2011-04-06,-0.0008486449365822102
2011-04-07,-0.001342194909985328
2011-04-08,-0.0016876120108485493
2011-04-11,-0.0011766123357008773
2011-04-12,-0.0016169882253543877
2011-04-13,-0.0015737408708413891
2011-04-14,-0.0010432207486880118
2011-04-15,-0.002006872293701334
2011-04-18,-0.0026597009039547315
2011-04-19,-0.0037126653463938064
2011-04-20,-0.0022543664330467728
2011-04-21,-0.002757414937719971
2011-04-26,-0.0023455613721261592
2011-04-27,-0.002135687108857698
2011-04-28,-0.0006882202934463955
2011-04-29,-0.00101180566945136
2011-05-02,-0.0011963648658104287
2011-05-03,-0.0013027748567370212
2011-05-04,-0.0008234721290011349
2011-05-05,-0.0003505210511247636
2011-05-06,-0.0008747701234409488
2011-05-09,-0.0008121453586708016
2011-05-10,-0.0020522304330912178
2011-05-11,-0.0008719193220020349
2011-05-12,-0.0008504291275120979
2011-05-13,-0.0010930997960766353
2011-05-16,-0.0013457656045080535
2011-05-17,-0.0013982339771813068
2011-05-18,-0.001249666348140166
2011-05-19,-0.0008220457555520033
2011-05-20,-0.0008438162147563766
2011-05-23,-0.0011221705816769623
2011-05-24,-4.224762908122681e-05
2011-05-25,0.0008253302864937861
2011-05-26,0.0008866325943148734
2011-05-27,0.0003453718333561451
2011-05-30,0.0007917532418373341
2011-05-31,-0.00019596344366124008
2011-06-01,0.0007583760043767818
2011-06-02,-0.00024514939946185255
2011-06-03,-0.00043439312529625074
2011-06-06,8.043653227107761e-05
2011-06-07,0.0004302648943914633
2011-06-08,0.0007884009335858977
2011-06-09,0.0006671272366161052
2011-06-10,0.00044462279838186625
2011-06-13,-0.00046899218961782285
2011-06-14,0.0002631301562856514
2011-06-15,0.0008613007585762666
2011-06-16,0.0001726372355628225
2011-06-17,0.00045428535300207074
2011-06-20,0.00044231772475300524
2011-06-21,0.0006489191045717657
2011-06-22,0.0016510305040648987
2011-06-23,0.002494670391830267
2011-06-24,0.0015768070811807977
2011-06-27,0.003226254029449427
2011-06-28,0.0032393682369264987
2011-06-29,0.004827040760554402
2011-06-30,0.006452893009030625
2011-07-01,0.0042379536760583925
2011-07-04,0.002197677878754245
2011-07-05,0.000252984901883746
2011-07-06,-0.00017484753861285451
2011-07-07,-0.000624085682754072
2011-07-08,-0.0007846570913540019
2011-07-11,-0.00115248392813605
2011-07-12,-0.0006708282206996374
2011-07-13,4.125580347480451e-05
2011-07-14,0.001433186817819454
2011-07-15,0.0009776715990914564
2011-07-18,0.0007236348016073091
2011-07-19,0.0005144329811284098
2011-07-20,0.0006164590093320488
2011-07-21,0.0010932504583205382
2011-07-22,0.0020745222174525235
2011-07-25,0.0013392664329385795
2011-07-26,0.0029161947772677888
2011-07-27,0.002434142164399189
2011-07-28,0.00037422988127921997
2011-07-29,0.0014523121922604965
2011-08-01,0.002644639354823175
2011-08-02,0.0014645433625370963
2011-08-03,0.00227369661460175
2011-08-04,0.0020342890971316585
2011-08-05,0.001276612928358789
2011-08-08,0.0027050080496822115
2011-08-09,0.002977935970420953
2011-08-10,0.0047167953886180225
2011-08-11,0.005369779733972013
2011-08-12,0.006342005096092729
2011-08-15,0.008310893062639657
2011-08-16,0.00754469552226289
2011-08-17,0.005963640333293219
2011-08-18,0.003990855646245572
2011-08-19,0.003249734938326032
2011-08-22,0.005831270682006284
2011-08-23,0.0032959785019299748
2011-08-24,0.0034825428563507455
2011-08-25,0.0022691262439562543
2011-08-26,0.0023907112364445204
2011-08-29,0.003353675280158619
2011-08-30,0.002200978134533571
2011-08-31,0.0027510183214978223
2011-09-01,0.002626891302619061
2011-09-02,0.0012950907506241727
2011-09-05,0.001351062874410669
2011-09-06,0.0015301914194048027
2011-09-07,0.0020895121807236183
2011-09-08,0.00173221887305397
2011-09-09,0.0019285116401281943
2011-09-12,0.0014910316208212038
2011-09-13,0.0024506788502760557
2011-09-14,0.001603007886735952
2011-09-15,0.0005817204847080593
2011-09-16,0.0004127856029454424
2011-09-19,0.00019461661585662426
2011-09-20,0.0006373295399613177
2011-09-21,0.0006184706136600493
2011-09-22,-0.00025869699127267776
2011-09-23,-0.000413995471320705
2011-09-26,-0.0016080368956905566
2011-09-27,-0.0006043690529190515
2011-09-28,0.0005819451716866375
2011-09-29,0.002818909183957663
2011-09-30,0.0015917680340071794
2011-10-03,0.0005523871875761088
2011-10-04,-0.0004764131392769322
2011-10-05,-0.0010238445127129792
2011-10-06,-0.0020041491409414913
2011-10-07,-0.0016580135488899472
2011-10-10,-0.0012669543361538693
2011-10-11,-0.002119323312670729
2011-10-12,-0.002447311901894622
2011-10-13,-0.0025249466268137954
2011-10-14,-0.0019360496790672421
2011-10-17,-0.0012358606957484364
2011-10-18,-0.001861024443438386
2011-10-19,0.00011424719779529191
2011-10-20,-0.0027123955370288444
2011-10-21,-0.0006218786200699045
2011-10-24,6.847023836842325e-05
2011-10-25,0.002402444829969541
2011-10-26,0.0011209914090597461
2011-10-27,0.0001706212384140482
2011-10-28,-0.0009387831908739264
2011-10-31,0.0005906708963128171
2011-11-01,0.0018094944586497519
2011-11-02,-6.212625536183847e-05
2011-11-03,0.0001385605046850813
2011-11-04,-7.6746283285134e-06
2011-11-07,-7.996376423624607e-05
2011-11-08,7.6561497225347e-05
2011-11-09,8.325717398705024e-05
2011-11-10,-0.0001346225364644571
2011-11-11,0.00026449711958909106
2011-11-14,0.0009810823458995532
2011-11-15,0.0004164632538130597
2011-11-16,0.00042974822374985955
2011-11-17,-0.0005834434745699557
2011-11-18,-0.0006505500425875166
2011-11-21,-0.0011815446205779567
2011-11-22,-0.0018940516559411424
2011-11-23,-0.001935226317251293
2011-11-24,-0.0025805084862549066
2011-11-25,-0.0019536857149070608
2011-11-28,-0.002889947896781986
2011-11-29,-0.0022645768155757917
2011-11-30,-0.0010032161065473
2011-12-01,-0.000754964798296065
2011-12-02,-0.002721557749772008
2011-12-05,-0.002362855375483419
2011-12-06,-0.0019509070283730834
2011-12-07,-0.0012175612231252186
2011-12-08,-0.0013623745621944572
2011-12-09,-0.0021123155425381013
2011-12-12,-0.0018060356849649573
2011-12-13,-0.0034035852872381644
2011-12-14,-0.0026956344853178438
2011-12-15,-0.0034728272626628476
2011-12-16,-0.00450631951290259
2011-12-19,-0.005907644680962498
2011-12-20,-0.00580366387843656
2011-12-21,-0.005890986522675057
2011-12-22,-0.0039235733086027125
2011-12-23,-0.004018241665160738
2011-12-27,-0.0031666691012491865
2011-12-28,-0.005015089584690879
2011-12-29,-0.004361019927761389
2011-12-30,-0.004417428703095361
2012-01-02,-0.004631389891462279
2012-01-03,-0.0029611573904599897
2012-01-04,-0.0024303155026086376
2012-01-05,-0.002358045319625135
2012-01-06,-0.0028635724284125086
2012-01-09,-0.0028071740938248047
2012-01-10,-0.0025161303114823452
2012-01-11,-0.0026127546808005775
2012-01-12,-0.0023276716300143496
2012-01-13,-0.0023456126649618048
2012-01-16,-0.002910240610800252
2012-01-17,-0.004471629884397199
2012-01-18,-0.003893083018565835
2012-01-19,-0.0028489030131791937
2012-01-20,-0.003257788996363753
2012-01-23,-0.003679634404357923
2012-01-24,-0.0055362644739781475
2012-01-25,-0.004725080669435777
2012-01-26,-0.0054030387100030275
2012-01-27,-0.005833000749622452
2012-01-30,-0.0051982821383818045
2012-01-31,-0.005855245605811854
2012-02-01,-0.0041554353050727855
2012-02-02,-0.002605550074124219
2012-02-03,-0.002518898304281314
2012-02-06,-0.0023769880474029392
2012-02-07,-0.0024585777450842894
2012-02-08,-0.0018222773290105243
2012-02-09,-0.0019445334176430018
2012-02-10,-0.0018530952696217406
2012-02-13,-0.001919161320303453
2012-02-14,-0.0026568061179709224
2012-02-15,-0.0028255306787154932
2012-02-16,-0.0030213991414422825
2012-02-17,-0.0028689524438608727
2012-02-20,-0.0038414558596493453
2012-02-21,-0.004558539191903632
2012-02-22,-0.0035642634688585195
2012-02-23,-0.004045003017770665
2012-02-24,-0.004062297430556194
2012-02-27,-0.0034442586551087784
2012-02-28,-0.0037721590898871504
2012-02-29,-0.0031558495470469516
2012-03-01,-0.0034581684706814775
2012-03-02,-0.0033534842752789285
2012-03-05,-0.003483079113931642
2012-03-06,-0.003452424056318626
2012-03-07,-0.003442379802800044
2012-03-08,-0.0027968606771543447
2012-03-09,-0.0026439409322568386
2012-03-12,-0.00288996236647987
2012-03-13,-0.0035537676227422876
2012-03-14,-0.0031913769826357186
2012-03-15,-0.003040122125421152
2012-03-16,-0.002882003993472382
2012-03-19,-0.00497986639707515
2012-03-20,-0.006712871068127124
2012-03-21,-0.0067028660541460505
2012-03-22,-0.006596004928954291
2012-03-23,-0.005423814379034386
2012-03-26,-0.004389325763235363
2012-03-27,-0.0024016018605828027
2012-03-28,-0.0010268519902962847
2012-03-29,-0.0008230402660294178
2012-03-30,-0.0030836809029065604
2012-04-02,-0.002252901488981829
2012-04-03,-0.002881520037755547
2012-04-04,-0.0020216971259228167
2012-04-05,-0.0016294472892294243
2012-04-10,-0.0019313267613526586
2012-04-11,-0.0018375686814058323
2012-04-12,-0.0009406166703467278
2012-04-13,-0.0013219081799048515
2012-04-16,-0.0017292458085114149
2012-04-17,-0.0016551136697169344
2012-04-18,-0.002518568370572294
2012-04-19,-0.0029035451508750976
2012-04-20,-0.0013193239605440166
2012-04-23,-0.0016683040108369518
2012-04-24,-0.0019297774955345792
2012-04-25,-0.0018059625906913235
2012-04-26,-0.001622716538167146
2012-04-27,-0.00016492585057392706
2012-04-30,-0.0010027925729042542
2012-05-02,-0.00046818440037699194
2012-05-03,-0.00084229808818026
2012-05-04,-0.0006704506780551567
2012-05-07,-0.0005663384476406463
2012-05-08,-0.000570299399641816
2012-05-09,-0.0012372921987270358
2012-05-10,-0.0002126688143944122
2012-05-11,-0.0018933064819884882
2012-05-14,-0.0011442363230770303
2012-05-15,-0.0013465178156434332
2012-05-16,-0.0011878359043195896
2012-05-17,-0.00102475612506292
2012-05-18,-0.0015367370390132473
2012-05-21,-0.0023286896488259323
2012-05-22,-0.0036415753796494865
2012-05-23,-0.004412054117445163
2012-05-24,-0.0026740089270371747
2012-05-25,-0.004154600603061942
2012-05-28,-0.003911555437896896
2012-05-29,-0.004163840155026688
2012-05-30,-0.0035710226695230274
2012-05-31,-0.0035875947933434738
2012-06-01,-0.003768782734177467
2012-06-04,-0.003331266208278949
2012-06-05,-0.0035136894979737043
2012-06-06,-0.003099954023160434
2012-06-07,-0.0034184065294254884
2012-06-08,-0.003562216692671094
2012-06-11,-0.0030811162511432677
2012-06-12,-0.0029580995572552338
2012-06-13,-0.0026405194725011016
2012-06-14,-0.0024213052430831494
2012-06-15,-0.0020642762195303144
2012-06-18,-0.0024994823735241534
2012-06-19,-0.001749006818238863
2012-06-20,-0.0028962438774112753
2012-06-21,-0.0011946325253858747
2012-06-22,-0.002132713091876348
2012-06-25,-0.0021309120215913246
2012-06-26,-0.004200297443634038
2012-06-27,-0.004141302175656114
2012-06-28,-0.004302839034169392
2012-06-29,-0.001951984292373199
2012-07-02,-0.002270026931807445
2012-07-03,-0.0023372408442491333
2012-07-04,-0.0011767585608213338
2012-07-05,-0.0015342367441287807
2012-07-06,-0.0019798065718207303
2012-07-09,-0.0026038409250648265
2012-07-10,-0.0026305009505217525
2012-07-11,-0.0027741567966644842
2012-07-12,-0.0024954142751349995
2012-07-13,-0.002846111503261084
2012-07-16,-0.0033263873052304938
2012-07-17,-0.0035734964618768794
2012-07-18,-0.0030429679603883875
2012-07-19,-0.003234129158135146
2012-07-20,-0.0023965381915206363
2012-07-23,-0.0022106011894763578
2012-07-24,-0.0036734305147271273
2012-07-25,-0.005073237245533102
2012-07-26,-0.004938210471375215
2012-07-27,-0.004157287520519026
2012-07-30,-0.00265111605081525
2012-07-31,-0.0012601379422497727
2012-08-01,0.0009613573468063574
2012-08-02,-0.0008689474701751854
2012-08-03,-0.00043045402614028117
2012-08-06,-0.0014963609879998785
2012-08-07,-0.0010574961145571882
2012-08-08,-0.0006914443086931676
2012-08-09,-0.0009018429476955747
2012-08-10,-0.0014339464342792985
2012-08-13,-0.0021980771402778654
2012-08-14,-0.002939952093692244
2012-08-15,-0.0023539952713770296
2012-08-16,-0.0027912022436770156
2012-08-17,-0.003464536776972005
2012-08-20,-0.003715579439063421
2012-08-21,-0.004922067342462144
2012-08-22,-0.0038354617346140207
2012-08-23,-0.004470067808777234
2012-08-24,-0.004521717876899256
2012-08-27,-0.006230872213070837
2012-08-28,-0.005005485289810818
2012-08-29,-0.004309385843666025
2012-08-30,-0.0035466726064979914
2012-08-31,-0.003140022005268084
2012-09-03,-0.00213222734000873
2012-09-04,-0.0027891980458312204
2012-09-05,-0.0015504909051623494
2012-09-06,-0.0016529961441835717
2012-09-07,-0.001039581267018641
2012-09-10,-0.0019520211088072115
2012-09-11,-0.0020008138661528063
2012-09-12,-0.0012587770152383548
2012-09-13,-0.0013869165354721824
2012-09-14,-0.0009690644026665307
2012-09-17,-0.0017530619646067835
2012-09-18,-0.0028652068282942755
2012-09-19,-0.001868213938368446
2012-09-20,-0.0027071980384166805
2012-09-21,-0.0019527677171136126
2012-09-24,-0.002552311842655919
2012-09-25,-0.0026779759960404714
2012-09-26,-0.0018239899926424386
2012-09-27,-0.0020219888744458236
2012-09-28,-0.0032783537123901585
2012-10-01,-0.0033148266479940958
2012-10-02,-0.0016897065817210732
2012-10-03,-0.0014508537467575744
2012-10-04,-0.0008600670064925486
2012-10-05,-0.0013728463919604472
2012-10-08,-0.0014503228788299571
2012-10-09,-0.0020580090315743815
2012-10-10,-0.0017551620812062962
2012-10-11,-0.001406524998300518
2012-10-12,-0.0016676376633577572
2012-10-15,-0.0015026498317853854
2012-10-16,-0.0014007598429992552
2012-10-17,-0.0019083525684310265
2012-10-18,-0.0015371983998314631
2012-10-19,-0.0014567334818229583
2012-10-22,-0.0016831708444268179
2012-10-23,-0.0015954207128450193
2012-10-24,-0.0011234601382655862
2012-10-25,-0.0005168429493570548
2012-10-26,-0.0013748585348708486
2012-10-29,-0.0004875020433883215
2012-10-30,-0.0006264296633304856
2012-10-31,0.0008753351432166934
2012-11-01,0.0005516828043901079
2012-11-02,0.0025977446844618335
2012-11-05,0.003050516734067976
2012-11-06,0.0030273327818963747
2012-11-07,0.0035719883354223825
2012-11-08,0.003908437042639434
2012-11-09,0.0035565838722952936
2012-11-12,0.0030183116870701188
2012-11-13,0.0026602711668617385
2012-11-14,0.003378023410538278
2012-11-15,0.003177538828140314
2012-11-16,0.003193344992832081
2012-11-19,0.003151408611037132
2012-11-20,0.0026430103157628615
2012-11-21,0.0027301393766812065
2012-11-22,0.0023800520258319136
2012-11-23,0.0024580684649131435
2012-11-26,0.0019478635070167005
2012-11-27,0.0012402117126351087
2012-11-28,0.0018300951440564095
2012-11-29,0.0011058683276907733
2012-11-30,0.0014898493353170394
2012-12-03,0.0009000006732693411
2012-12-04,-0.002180785662124096
2012-12-05,-0.0013000971786549798
2012-12-06,-0.0016233906081497551
2012-12-07,-0.0020182255640776026
2012-12-10,-0.002097447720873169
2012-12-11,-0.0024508180750498765
2012-12-12,-0.002081313855562872
2012-12-13,-0.0017354840369533386
2012-12-14,-0.0021504803930136873
2012-12-17,-0.0030388917451780184
2012-12-18,-0.0038771849722600837
2012-12-19,-0.0037395704687752662
2012-12-20,-0.002741066028184691
2012-12-21,-0.0030966022260591197
2012-12-27,-0.0052426699564304124
2012-12-28,-0.0054669995110623315
2013-01-02,-0.006189862672794089
2013-01-03,-0.0023853041619704696
2013-01-04,0.0006103680632252306
2013-01-07,0.00027901642157268647
2013-01-08,-0.001054235713135343
2013-01-09,-0.0006481099938551171
2013-01-10,-0.0008322529421606051
2013-01-11,-0.001086359628813094
2013-01-14,-0.00144968380796473
2013-01-15,-0.0015863163369769229
2013-01-16,-0.0006369338872966868
2013-01-17,-0.00045907767548536427
2013-01-18,0.0004109791466566648
2013-01-21,0.0006856935223020777
2013-01-22,-0.0006129264444034721
2013-01-23,0.0011328890497281918
2013-01-24,0.001323033847972388
2013-01-25,0.0004469427855835484
2013-01-28,0.0001261215024759288
2013-01-29,0.0003666712907055558
2013-01-30,0.0011050671494268194
2013-01-31,0.0003038210217931603
2013-02-01,0.0006477520864391906
2013-02-04,0.0017757926309724947
2013-02-05,0.001673425762155567
2013-02-06,0.002062378181578728
2013-02-07,0.0018756229824123949
2013-02-08,0.0022484494542778233
2013-02-11,0.0025745031255159923
2013-02-12,0.002510345516282708
2013-02-13,0.0031391974454964
2013-02-14,0.002854722222724204
2013-02-15,0.0028299423670314905
2013-02-18,0.0034487296909380127
2013-02-19,0.0029661950686588057
2013-02-20,0.0035501546239844473
2013-02-21,0.003916776535554778
2013-02-22,0.004133080282800572
2013-02-25,0.00467705072804514
2013-02-26,0.006800806105467849
2013-02-27,0.008891618055175021
2013-02-28,0.006298051013938988
2013-03-01,0.0043686784011058855
2013-03-04,0.0026662944219539852
2013-03-05,0.001950862740301984
2013-03-06,0.002029900222946468
2013-03-07,0.00217420416220393
2013-03-08,0.002388753159531909
2013-03-11,0.0018401979430631155
2013-03-12,0.0017297904622346483
2013-03-13,0.0016444278599396789
2013-03-14,0.0013755858864670234
2013-03-15,0.0006274971097190996
2013-03-18,-0.00044085154532902404
2013-03-19,-0.0006376100232351467
2013-03-20,0.0001618023135516733
2013-03-21,0.0004895721441600109
2013-03-22,0.0001289890271025662
2013-03-25,0.0017517721265405406
2013-03-26,0.0031295722694473227
2013-03-27,0.003019459632453536
2013-03-28,0.0017953460070010419
2013-04-02,0.00269208788214903
2013-04-03,0.0008533402823918124
2013-04-04,0.0015357692246784627
2013-04-05,0.001649204629371681
2013-04-08,0.0014127813287456714
2013-04-09,0.0011214956413267974
2013-04-10,0.0012436497665198054
2013-04-11,0.001170778608163836
2013-04-12,0.0020000655390179922
2013-04-15,0.0018147498552565366
2013-04-16,0.0016622663826062478
2013-04-17,0.0013621886366663727
2013-04-18,0.0016032226114897075
2013-04-19,0.0016219683652336503
2013-04-22,0.0005451551311332903
2013-04-23,0.0014120658022533927
2013-04-24,0.0020200159513765747
2013-04-25,0.002456228194438692
2013-04-26,0.0021104129494808888
2013-04-29,0.002593831126517232
2013-04-30,0.001511894394238933
2013-05-02,0.0026044976425247945
2013-05-03,0.0017466629884537177
2013-05-06,0.0013596983658477058
2013-05-07,0.0015803575952386684
2013-05-08,0.0016651163656418166
2013-05-09,0.0017815662926907727
2013-05-10,0.0014524636543962188
2013-05-13,0.0008312863399677628
2013-05-14,0.0005739452156496849
2013-05-15,0.0003746195001119723
2013-05-16,0.00011812550472733996
2013-05-17,-0.0010126870016438083
2013-05-20,-0.001392811420848572
2013-05-21,-0.001108514159331886
2013-05-22,-0.0008067858235831782
2013-05-23,-0.001382575041827927
2013-05-24,-0.0013226517614089994
2013-05-27,-0.001015258172613609
2013-05-28,-0.0016958496394611222
2013-05-29,-0.0008566665595601819
2013-05-30,-0.00015784789602746319
2013-05-31,0.0007964766493786524
2013-06-03,0.000406258335612808
2013-06-04,0.0004139386163981573
2013-06-05,0.0006614739973820338
2013-06-06,0.0011106701064025337
2013-06-07,0.0013566546839560711
2013-06-10,0.0009693749392312156
2013-06-11,0.0007453886729933412
2013-06-12,0.001378679163360541
2013-06-13,0.0008876379517259725
2013-06-14,0.000835965790189297
2013-06-17,0.0005580103599249764
2013-06-18,0.0005855648432964156
2013-06-19,0.0010872232262024717
2013-06-20,0.0005479485216175473
2013-06-21,0.0012757057499543922
2013-06-24,0.0002774580733770904
2013-06-25,-0.0006126003498485577
2013-06-26,-0.00019938129722063547
2013-06-27,-1.651177206607457e-05
2013-06-28,0.00035529107233145396
2013-07-01,0.0007985686452978147
2013-07-02,4.366386374998754e-05
2013-07-03,0.00046672104310307994
2013-07-04,0.00010695216167855293
2013-07-05,-1.9475451830230917e-05
2013-07-08,0.0009391310551427612
2013-07-09,0.00022587028203635562
2013-07-10,0.000585236743560813
2013-07-11,0.0007967853516708256
2013-07-12,0.00037742475778190787
2013-07-15,0.0002398134992802614
2013-07-16,0.0002616618720967523
2013-07-17,0.0005039923560636872
2013-07-18,8.58898662763341e-05
2013-07-19,-0.0004856842403540007
2013-07-22,8.767478275406582e-05
2013-07-23,-0.0005058092026364314
2013-07-24,-5.960132734794676e-06
2013-07-25,-0.00032295259201786664
2013-07-26,1.1963406068682403e-05
2013-07-29,-0.0010066878217325215
2013-07-30,-0.0009300110207038914
2013-07-31,-1.3863208903619473e-05
2013-08-01,0.0005744540742054216
2013-08-02,0.00043009335802879356
2013-08-05,0.0001284449867506865
2013-08-06,0.00012745121796964298
2013-08-07,0.0006103072369894047
2013-08-08,0.00029582254990589973
2013-08-09,-6.93869697822036e-05
2013-08-12,-0.00034536080156122306
2013-08-13,-0.0008393791281633423
2013-08-14,-0.0005693459338558249
2013-08-15,-0.0009079469021219255
2013-08-16,-0.0011533054109570395
2013-08-19,-0.0022191013099044365
2013-08-20,-0.0026690065515926342
2013-08-21,-0.0019376964562540788
2013-08-22,-0.0014569089555910297
2013-08-23,-0.0009620660372813283
2013-08-26,-0.0006604688530543745
2013-08-27,-0.001269193929481549
2013-08-28,-0.0008495021734202801
2013-08-29,0.0011845528262288685
2013-08-30,-0.0002472542640936659
2013-09-02,-0.0002875179723119681
2013-09-03,0.0011935023825297986
2013-09-04,0.0013574413194239465
2013-09-05,0.002088288803756777
2013-09-06,0.0010759257571888448
2013-09-09,0.0009750215733381751
2013-09-10,0.0008207173708214555
2013-09-11,0.0011823022726307197
2013-09-12,0.0010744144650807197
2013-09-13,0.0005493000659755332
2013-09-16,0.00047757093966716013
2013-09-17,6.0869018261966445e-05
2013-09-18,0.0006876199674756833
2013-09-19,0.0007354023872714333
2013-09-20,0.0003369698166686419
2013-09-23,-0.0003091953900412614
2013-09-24,0.00022848448682522005
2013-09-25,0.0005524926959259435
2013-09-26,1.8842184572154252e-05
2013-09-27,-0.0007599255693577778
2013-09-30,-0.0010701433854948261
2013-10-01,-0.0015424748019249312
2013-10-02,0.0007249341817521238
2013-10-03,0.00013328498978792958
2013-10-04,0.0007651269027808549
2013-10-07,0.0006041151422091495
2013-10-08,0.00035964750242678534
2013-10-09,0.0007304351378165652
2013-10-10,0.0002102980444804725
2013-10-11,0.0013763165527895804
2013-10-14,0.0006963413834770726
2013-10-15,0.0007825517239079538
2013-10-16,0.001787569910188802
2013-10-17,0.0012996336145101317
2013-10-18,0.0019436651552096063
2013-10-21,0.002196917090828032
2013-10-22,0.0014971020122962475
2013-10-23,0.0016496195970194805
2013-10-24,0.0009588211037623307
2013-10-25,0.0011286042444866862
2013-10-28,0.00015019128874960153
2013-10-29,-0.0009941658120908858
2013-10-30,0.00014856653500339156
2013-10-31,-0.0005495181423046391
2013-11-01,0.0007804623323157678
2013-11-04,0.002543011805411277
2013-11-05,0.0021957674053887377
2013-11-06,0.0026003502249893895
2013-11-07,0.002835932793026519
2013-11-08,0.003057027896612441
2013-11-11,0.0027598026332558145
2013-11-12,0.003388265103256627
2013-11-13,0.0033902225493547267
2013-11-14,0.00341262792203767
2013-11-15,0.0026977472369318356
2013-11-18,0.002633618478379063
2013-11-19,0.0014899793738265554
2013-11-20,0.002187373071858456
2013-11-21,0.0019822047063358106
2013-11-22,0.0027579098809862312
2013-11-25,0.00238942797706021
2013-11-26,0.0006665773939227293
2013-11-27,0.0017337801246535278
2013-11-28,0.0015722461765397266
2013-11-29,0.0008983450227255663
2013-12-02,0.00037016391467648013
2013-12-03,-0.0006613762947497159
2013-12-04,-0.00037552139080987423
2013-12-05,0.00015351564978449694
2013-12-06,0.0008465622101574422
2013-12-09,0.001070363697336596
2013-12-10,0.0004299701643091236
2013-12-11,0.000905556920113737
2013-12-12,0.0009059101437771666
2013-12-13,0.0007790032616412645
2013-12-16,0.0013543105067390648
2013-12-17,0.0014893143179368629
2013-12-18,0.002852349126551079
2013-12-19,0.0020003777379764554
2013-12-20,0.002054101258259111
2013-12-23,0.0013000462286472114
2013-12-27,0.0022069541083105104
2013-12-30,0.0016627682212362327
2014-01-02,0.0030133510606118463
2014-01-03,0.0022025322948093784
2014-01-06,0.0024582285304606266
2014-01-07,0.002216650575678214
2014-01-08,0.0026247571099879963
2014-01-09,0.0024721552254229895
2014-01-10,0.002154831236985677
2014-01-13,0.00184738498344017
2014-01-14,0.0016976630406877469
2014-01-15,0.0021167023557873144
2014-01-16,0.0017120886063988205
2014-01-17,0.002061578369330075
2014-01-20,0.0018227756912945203
2014-01-21,0.0005463625116910453
2014-01-22,0.001492969147707246
2014-01-23,0.0014337204612495658
2014-01-24,0.0015781202388622795
2014-01-27,0.001409309650900692
2014-01-28,0.002260740589810517
2014-01-29,0.002618475032313494
2014-01-30,0.0032657970256171343
2014-01-31,0.0060289464137366355
2014-02-03,0.004395174421678361
2014-02-04,0.0031110255778727947
2014-02-05,0.003064281916087097
2014-02-06,0.0022861863931238346
2014-02-07,0.0020244168158509712
2014-02-10,0.0022358900868439946
2014-02-11,0.0027042967501929027
2014-02-12,0.0027573007507204483
2014-02-13,0.0029168660931828683
2014-02-14,0.0027188251740886127
2014-02-17,0.0018584878936958038
2014-02-18,0.0012719439601560634
2014-02-19,0.0024354061382683145
2014-02-20,0.0023684745756236136
2014-02-21,0.0025175144790605675
2014-02-24,0.0017565939152761612
2014-02-25,0.002215775072939241
2014-02-26,0.0014501771219788129
2014-02-27,0.0006063764345212164
2014-02-28,-0.00016545535090384256
2014-03-03,0.00021705795803983463
2014-03-04,0.0019193826117998025
2014-03-05,0.003278519192515761
2014-03-06,0.0032701431595205666
2014-03-07,0.003430220134734485
2014-03-10,0.0031692453049141367
2014-03-11,0.004062066971995293
2014-03-12,0.003453630796608209
2014-03-13,0.003470676386650773
2014-03-14,0.003490571955435451
2014-03-17,0.003956090852590632
2014-03-18,0.004578488689647164
2014-03-19,0.004904734792940069
2014-03-20,0.005256047479158532
2014-03-21,0.005213064596639949
2014-03-24,0.004251567405466616
2014-03-25,0.0029114037460475917
2014-03-26,0.003404951825655589
2014-03-27,0.0028389306139953163
2014-03-28,0.003023875795174824
2014-03-31,0.002635866300066736
2014-04-01,0.0019063270242316577
2014-04-02,0.0006323325682338066
2014-04-03,0.0005982164749602781
2014-04-04,0.0011842144061064985
2014-04-07,0.0007779880302347664
2014-04-08,0.0004520060968067341
2014-04-09,0.0005749378899300162
2014-04-10,0.0010328466446802853
2014-04-11,0.0009541443219589496
2014-04-14,0.0010516606145951624
2014-04-15,0.000549405453718288
2014-04-16,0.0005747100642263803
2014-04-17,0.000643000273422123
2014-04-22,0.0002718135776089703
2014-04-23,0.0006143507529066117
2014-04-24,0.0011750976716662365
2014-04-25,0.00040332410695564924
2014-04-28,-0.00020618171353670167
2014-04-29,0.00025462886316107713
2014-04-30,0.0005053565009236483
2014-05-02,0.000358569130492592
2014-05-05,0.0011408285537659602
2014-05-06,0.0011938489779925732
2014-05-07,0.001526330514244556
2014-05-08,0.0014288479769275497
2014-05-09,0.0009718064687449512
2014-05-12,0.0014130952090016802
2014-05-13,0.0006630963859814987
2014-05-14,0.0010843897723917806
2014-05-15,0.0008759641445723609
2014-05-16,0.0006764079112420163
2014-05-19,0.0010371760413989684
2014-05-20,-0.0002732480463124576
2014-05-21,0.0004828382010912957
2014-05-22,0.0007754665486201517
2014-05-23,-0.0006164114397730902
2014-05-26,-0.00014180031674315696
2014-05-27,-0.00037862787917475327
2014-05-28,-0.00012277216652667455
2014-05-29,-0.0004011177575878877
2014-05-30,-0.0008091396908233017
2014-06-02,-0.00016467493207883432
2014-06-03,0.0008315405152201638
2014-06-04,0.0012468512531453868
2014-06-05,0.001413095030245115
2014-06-06,0.0018224496947392144
2014-06-09,0.001067103097894817
2014-06-10,0.0011205820223432195
2014-06-11,0.0009563264841665475
2014-06-12,0.0005447235673268214
2014-06-13,0.0005932002233748346
2014-06-16,0.00028029051084521583
2014-06-17,-0.000295107332593636
2014-06-18,0.0007294386223557492
2014-06-19,0.00047708913165123157
2014-06-20,0.0011755084256193093
2014-06-23,0.000986273170407781
2014-06-24,0.000979436645273557
2014-06-25,0.001089129407312539
2014-06-26,-7.230747975706109e-06
2014-06-27,0.000500270652513457
2014-06-30,0.0007469071682915107
2014-07-01,0.002769442695807145
2014-07-02,0.002602803633532158
2014-07-03,0.00245037176738494
2014-07-04,0.002591033874472126
2014-07-07,0.002100256609082418
2014-07-08,0.002306327740617009
2014-07-09,0.0025115458304165728
2014-07-10,0.0027405053330904483
2014-07-11,0.0029636271309405604
2014-07-14,0.003232288978386233
2014-07-15,0.002690255118487306
2014-07-16,0.0030789615406876525
2014-07-17,0.0035990612364349417
2014-07-18,0.003133587545138372
2014-07-21,0.005188616567268989
2014-07-22,0.003778825636046479
2014-07-23,0.004901956923417661
2014-07-24,0.003745463114188885
2014-07-25,0.003853680170052609
2014-07-28,0.00189095918593285
2014-07-29,0.003093997664731729
2014-07-30,0.00419858082250002
2014-07-31,0.0045980333571020715
2014-08-01,0.005966481747372354
2014-08-04,0.0031905406957262183
2014-08-05,0.003199141223579227
2014-08-06,0.0027660728869605133
2014-08-07,0.0028140864711554414
2014-08-08,0.003087042168349985
2014-08-11,0.0041835212614993456
2014-08-12,0.003903833472764129
2014-08-13,0.004589053708211388
2014-08-14,0.004630855298563441
2014-08-15,0.00467509703426261
2014-08-18,0.0041786053051311445
2014-08-19,0.007226570146374067
2014-08-20,0.004761591129807563
2014-08-21,0.004177516162029438
2014-08-22,0.004154385333311472
2014-08-25,0.0033256931159717507
2014-08-26,0.004773513964954956
2014-08-27,0.005200200940900235
2014-08-28,0.0043492277357322084
2014-08-29,0.004003773799012622
2014-09-01,0.003389582544509606
2014-09-02,0.002178654502404065
2014-09-03,0.0026587136777211917
2014-09-04,0.0027954686664135586
2014-09-05,0.0026262368133369574
2014-09-08,0.003033935765566209
2014-09-09,0.0022971041106694123
2014-09-10,0.0022072722552519686
2014-09-11,0.0017816400497141505
2014-09-12,0.0016484073020237577
2014-09-15,0.0017892948395914487
2014-09-16,0.0017138326040233576
2014-09-17,0.001751917368032041
2014-09-18,0.0015892617484822846
2014-09-19,0.002164746845440657
2014-09-22,0.0030791211614531466
2014-09-23,0.002268128180771267
2014-09-24,0.0021980972573734103
2014-09-25,0.0029893975769581527
2014-09-26,0.0015337017506837913
2014-09-29,0.0027673520431741316
2014-09-30,0.0021382854763769554
2014-10-01,0.00382123000759238
2014-10-02,0.0017434522210943992
2014-10-03,0.0018258460080884387
2014-10-06,0.002535654205596316
2014-10-07,0.0029477127447585794
2014-10-08,0.003522290615250556
2014-10-09,0.0035108580964053893
2014-10-10,0.0032357794044599597
2014-10-13,0.004228091741182993
2014-10-14,0.004579856879793676
2014-10-15,0.0035372096657075858
2014-10-16,0.0026287124158719255
2014-10-17,0.003867237327837003
2014-10-20,0.007769858147918862
2014-10-21,0.0061826703096270474
2014-10-22,0.0067954715985192315
2014-10-23,0.00723829721761482
2014-10-24,0.007300262564430282
2014-10-27,0.005526455853271717
2014-10-28,0.004665931231857989
2014-10-29,0.005702108426361319
2014-10-30,0.005168892514041179
2014-10-31,0.005312842829207964
2014-11-03,0.006570456320166285
2014-11-04,0.007284135554996851
2014-11-05,0.007807315560191652
2014-11-06,0.007949734008359854
2014-11-07,0.008353102250232336
2014-11-10,0.00800079772492679
2014-11-11,0.00796315767827549
2014-11-12,0.007385589902369372
2014-11-13,0.007348168276506417
2014-11-14,0.007989285763591925
2014-11-17,0.007903266454529767
2014-11-18,0.00660217961272358
2014-11-19,0.007101776534695237
2014-11-20,0.007882091123296853
2014-11-21,0.007818446667724244
2014-11-24,0.008128969918453466
2014-11-25,0.007903662732944516
2014-11-26,0.007961306294562931
2014-11-27,0.008227103004357028
2014-11-28,0.008656648263918765
2014-12-01,0.008389378049767693
2014-12-02,0.00123874608079233
2014-12-03,0.0015539960742469994
2014-12-04,0.0013625433753026162
2014-12-05,0.001941046500736121
2014-12-08,0.0008452698040657403
2014-12-09,-0.0001682371151676687
2014-12-10,-0.00041092718558388697
2014-12-11,0.0014641802641310875
2014-12-12,0.0015025669926154173
2014-12-15,0.00019300763923846276
2014-12-16,0.0019329021791287815
2014-12-17,0.002509942478177374
2014-12-18,0.003701097304597889
2014-12-19,0.004105411427985706
2014-12-22,0.002008257897206489
2014-12-23,0.003221756959558064
2014-12-29,0.0026958852145426704
2014-12-30,0.0013557011246980721
2015-01-02,0.002164689962126376
2015-01-05,0.0015496801969379081
2015-01-06,0.0010351462487716567
2015-01-07,0.0018783854669550681
2015-01-08,0.001512652392554159
2015-01-09,0.002536727915454673
2015-01-12,0.003272011688592258
2015-01-13,0.004717711383327439
2015-01-14,0.005287350178459382
2015-01-15,0.006019494192729402
2015-01-16,0.0055470661551504374
2015-01-19,0.005102142656997266
2015-01-20,0.0053283508846795336
2015-01-21,0.006002792434254056
2015-01-22,0.005455792604478482
2015-01-23,0.005334929479916983
2015-01-26,0.003706800801676069
2015-01-27,0.003352237863712526
2015-01-28,0.002170779112732113
2015-01-29,0.0006110482527723615
2015-01-30,-0.0008143007649183964
2015-02-02,-0.001391911682216418
2015-02-03,0.0011724473295273707
2015-02-04,0.0009163764032729116
2015-02-05,0.0008479329828221527
2015-02-06,0.0008161868397833505
2015-02-09,0.0006042968822144168
2015-02-10,0.000664353288454933
2015-02-11,0.0015898167864509816
2015-02-12,0.0017089209219516288
2015-02-13,0.002132522947635218
2015-02-16,0.0020256802431817267
2015-02-17,0.002426522485889482
2015-02-18,0.0037203186523799836
2015-02-19,0.003148982126991884
2015-02-20,0.001998029321699235
2015-02-23,0.001947454944686955
2015-02-24,0.002379126658801356
2015-02-25,0.0005442322638944397
2015-02-26,0.001372304350797382
2015-02-27,0.00014683504582646556
2015-03-02,0.00030604458262661893
2015-03-03,-0.0002728643934494235
2015-03-04,-0.00016962849518742384
2015-03-05,0.00020734148220169502
2015-03-06,-0.00038954034792748615
2015-03-09,-0.0005179420494024756
2015-03-10,-0.0007854298588346742
2015-03-11,-0.0008249026067826959
2015-03-12,-0.0007285926421956024
2015-03-13,-0.0018210591262333153
2015-03-16,-0.001830340248944795
2015-03-17,-0.0021985743989392237
2015-03-18,-0.0011692591534809837
2015-03-19,-0.0017134979740871525
2015-03-20,-0.0025893581335942883
2015-03-23,-0.0034431694945330493
2015-03-24,-0.003934051906251512
2015-03-25,-0.0013690650523869863
2015-03-26,-0.00284506625587444
2015-03-27,-0.0025682918442491154
2015-03-30,-0.0038777157034148857
2015-03-31,-0.004113610244735777
2015-04-01,-0.0020806849449024334
2015-04-02,-5.4136339877164374e-05
2015-04-07,-0.0003167006803745931
2015-04-08,3.412127066848569e-05
2015-04-09,0.0005457442883933794
2015-04-10,0.00012444485960116936
2015-04-13,-0.00046181785689181076
2015-04-14,-9.832445036317417e-05
2015-04-15,0.000418558077854847
2015-04-16,-0.00011738077372280831
2015-04-17,-0.000324841720397373
2015-04-20,0.0002023285559822341
2015-04-21,0.0015839746880066397
2015-04-22,0.0009022447778301856
2015-04-23,0.0015407241783302883
2015-04-24,0.0010542322907165502
2015-04-27,0.0013206310273821131
2015-04-28,0.0013590209175384782
2015-04-29,0.0023503518064922346
2015-04-30,0.0027046795285845526
2015-05-04,0.003494451275138255
2015-05-05,0.0028637528353403496
2015-05-06,0.002838494429307392
2015-05-07,0.0033202563621062
2015-05-08,0.0024488049298696524
2015-05-11,0.0023592345590837116
2015-05-12,0.002477727939240282
2015-05-13,0.002966386606963356
2015-05-14,0.0028767480185001304
2015-05-15,0.002359126027875247
2015-05-18,0.002027664067424384
2015-05-19,0.0010047249176594608
2015-05-20,0.002510793031590408
2015-05-21,0.002770584243549701
2015-05-22,0.0020971825320816873
2015-05-26,0.0019811424231495067
2015-05-27,0.0012674539083599168
2015-05-28,0.0030764572805912493
2015-05-29,0.001970030666119005
2015-06-01,0.0026646555282523465
2015-06-02,0.0021956325152121536
2015-06-03,0.0025458997371323733
2015-06-04,0.0032141707752399995
2015-06-05,0.004138773592548661
2015-06-08,0.0041891034499326185
2015-06-09,0.00443317324546455
2015-06-10,0.004091909656689818
2015-06-11,0.003972610849759972
2015-06-12,0.004313400529674327
2015-06-15,0.004352394979030283
2015-06-16,0.0044354072852170745
2015-06-17,0.004870743354521423
2015-06-18,0.005639371796114512
2015-06-19,0.004602913204493575
2015-06-22,0.005886280870176952
2015-06-23,0.007410743588571744
2015-06-24,0.007221289600696679
2015-06-25,0.009703223825209939
2015-06-26,0.009516853441392525
2015-06-29,0.010048266111346127
2015-06-30,0.011315805103914167
2015-07-01,0.006974303502965018
2015-07-02,0.005542449119817494
2015-07-03,0.006663760324394197
2015-07-06,0.007505763679355182
2015-07-07,0.00797269696622438
2015-07-08,0.005479858928716164
2015-07-09,0.005841765228959961
2015-07-10,0.0070770957882502206
2015-07-13,0.008333644597666057
2015-07-14,0.0077920703832174976
2015-07-15,0.006181857431619919
2015-07-16,0.0046058126100188
2015-07-17,0.0040524362264275915
2015-07-20,0.0032704323435110982
2015-07-21,0.0020390815919426597
2015-07-22,0.0015904323447877289
2015-07-23,0.00019224499237746606
2015-07-24,0.00014784536460488162
2015-07-27,-0.00010853655990306077
2015-07-28,0.00022129445861152064
2015-07-29,9.93897610213068e-07
2015-07-30,0.0017341287029559727
2015-07-31,0.0006999494973467524
2015-08-03,0.0015114663284161445
2015-08-04,0.0007983436111564934
2015-08-05,0.0010290650737447837
2015-08-06,0.001082615470057613
2015-08-07,0.0004889927165920849
2015-08-10,0.0003447968498293541
2015-08-11,5.287173700851966e-05
2015-08-12,0.00019059058671988538
2015-08-13,0.0013793531592434238
2015-08-14,0.003408958457704836
2015-08-17,0.003613637160864158
2015-08-18,0.0029813663029731874
2015-08-19,0.0029930878765727087
2015-08-20,0.002697916435564496
2015-08-21,0.00321872142737889
2015-08-24,0.004679139236837715
2015-08-25,0.0060695959510761455
2015-08-26,0.01461920335959599
2015-08-27,0.011309804507217525
2015-08-28,0.011498023334479468
2015-08-31,0.012175605498687014
2015-09-01,0.008320211982464354
2015-09-02,0.0037590919999215267
2015-09-03,0.0031700775987111296
2015-09-04,0.0023415622098306166
2015-09-07,0.002375999199664136
2015-09-08,0.0024472394009078524
2015-09-09,0.0026517976204307736
2015-09-10,0.0019961334425453447
2015-09-11,0.0024400227790271067
2015-09-14,0.0020632907243067766
2015-09-15,0.0019542164291166397
2015-09-16,0.002664483472299972
2015-09-17,0.002766046868941885
2015-09-18,0.0046788389202185865
2015-09-21,0.005102452573788163
2015-09-22,0.0042956149190305215
2015-09-23,0.0032385154730394383
2015-09-24,0.004635963044023583
2015-09-25,0.004589738302688273
2015-09-28,0.004998018195494058
2015-09-29,0.00556270500417555
2015-09-30,0.00527561327972581
2015-10-01,0.0054219277236384755
2015-10-02,0.002666734233313539
2015-10-05,0.0021191871184818023
2015-10-06,0.0024488489033831495
2015-10-07,0.002551096121377272
2015-10-08,0.001957678806577823
2015-10-09,0.0014839979485539168
2015-10-12,0.00045628121086349616
2015-10-13,0.0005000185491801368
2015-10-14,0.0005334931467866344
2015-10-15,0.0012169315028758287
2015-10-16,0.0002365315596231099
2015-10-19,0.00017763631140876868
2015-10-20,-7.105903169524197e-05
2015-10-21,0.0009834960130050696
2015-10-22,0.0004183004737665641
2015-10-23,0.0005062580709602749
2015-10-26,-0.0020451634786289308
2015-10-27,-0.0029034423022191724
2015-10-28,-0.0023092201747166863
2015-10-29,-0.003375191055659865
2015-10-30,-0.001860054773625608
2015-11-02,-0.0021611570415729364
2015-11-03,0.00019722544031064437
2015-11-04,0.00048146269570992217
2015-11-05,0.00011347847838250047
2015-11-06,0.00041140068468736857
2015-11-09,0.00026070379874454375
2015-11-10,9.16868221123579e-06
2015-11-11,0.0013894573718251646
2015-11-12,0.0015991153936729674
2015-11-13,0.0018789099336185
2015-11-16,0.002289955315882164
2015-11-17,0.002080445832750577
2015-11-18,0.0037081881615019796
2015-11-19,0.004304626100417153
2015-11-20,0.004092370174572091
2015-11-23,0.0033458121156857423
2015-11-24,0.0028769479017809463
2015-11-25,0.0040970363086236805
2015-11-26,0.005564638950641632
2015-11-27,0.006461420541369112
2015-11-30,0.006196146624272814
2015-12-01,0.004709894483672761
2015-12-02,0.0003989604939855784
2015-12-03,0.0006783368919096588
2015-12-04,0.0011589682190171757
2015-12-07,0.00018952732311339204
2015-12-08,-0.00036375760841855787
2015-12-09,-0.00023997634054129247
2015-12-10,-0.0001749955308758544
2015-12-11,0.00017905748146995748
2015-12-14,2.6352586589117877e-05
2015-12-15,-0.0005982731520360884
2015-12-16,-0.0004232362009056745
2015-12-17,0.0013000780641494458
2015-12-18,0.0019076795470558405
2015-12-21,8.09134895882746e-05
2015-12-22,-0.0005696472242999739
2015-12-23,-0.0008191906236652002
2015-12-28,-0.0019323250124786417
2015-12-29,-0.0015999904298337198
2015-12-30,-0.0017627799509191133
2016-01-04,-0.001093380988782422
2016-01-05,-0.000829977157948858
2016-01-06,0.00043535212757395136
2016-01-07,0.00023266422785983565
2016-01-08,0.00016538188051651304
2016-01-11,0.0015799525028024064
2016-01-12,0.0013507998601822724
2016-01-13,0.00040619568717992216
2016-01-14,0.0006888387345167502
2016-01-15,0.001990097180516681
2016-01-18,0.0013865298942752347
2016-01-19,0.002561827620759738
2016-01-20,0.0029133179698976885
2016-01-21,0.0011491410513526645
2016-01-22,0.0013514855371246082
2016-01-25,0.0012173037152396482
2016-01-26,-0.00016922818687936658
2016-01-27,0.0008880345400679168
2016-01-28,0.00044084966976498663
2016-01-29,9.455772558153441e-05
2016-02-01,0.0004856984643073492
2016-02-02,0.0010678372043775308
2016-02-03,0.001364232069140936
2016-02-04,0.001552024351084924
2016-02-05,0.0012809745545723228
2016-02-08,0.0011813430034075534
2016-02-09,0.0015423604991733342
2016-02-10,0.0018334704808302682
2016-02-11,0.0023041677058333043
2016-02-12,0.0028282202776026555
2016-02-15,0.0029618141088456618
2016-02-16,0.0032621852094814052
2016-02-17,0.0034147272116020755
2016-02-18,0.003580365035822153
2016-02-19,0.0031818105720398115
2016-02-22,0.002630046200492453
2016-02-23,0.002304315535153867
2016-02-24,0.0035133440878916122
2016-02-25,0.002927466097941478
2016-02-26,0.002755824049510913
2016-02-29,0.002737697289537433
2016-03-01,0.0031488845140477117
2016-03-02,-0.00020749679306308888
2016-03-03,-6.200413834367424e-06
2016-03-04,-0.00021707106040524948
2016-03-07,-0.0001690258752095053
2016-03-08,-0.0006678491499221284
2016-03-09,-0.0008219199481829254
2016-03-10,-0.0005401796368159628
2016-03-11,-0.00026888483274900565
2016-03-14,-0.0010887671536193855
2016-03-15,-0.0016275105078635832
2016-03-16,-0.0016300605724367534
2016-03-17,-0.0019109180714231844
2016-03-18,-0.0025317172691912138
2016-03-21,-0.002240028030823904
2016-03-22,-0.0027415253872911105
2016-03-23,-0.003061865562091537
2016-03-24,-0.0027301724694621665
2016-03-29,-0.0032494366118911433
2016-03-30,-0.0034534296267377806
2016-03-31,-0.0017668078119121855
2016-04-01,-0.0010753897249234923
2016-04-04,-0.001680184407267138
2016-04-05,-0.001462573766402686
2016-04-06,-0.0013033800960344788
2016-04-07,-0.0009620874161057058
2016-04-08,-0.0012814562118798056
2016-04-11,-0.0012367245280776595
2016-04-12,-0.0016061536711513558
2016-04-13,-0.0016275649163661754
2016-04-14,-0.0023775332613377165
2016-04-15,-0.0021860785815418504
2016-04-18,-0.003500993664680263
2016-04-19,-0.004345377319483368
2016-04-20,-0.002714157801344319
2016-04-21,-0.0020838634795231625
2016-04-22,-0.0029011766366490166
2016-04-25,-0.003820149511888804
2016-04-26,-0.004477315785438307
2016-04-27,-0.002736706730388172
2016-04-28,-0.003096019110694459
2016-04-29,-0.0030904330300026706
2016-05-02,-0.0030356431898129754
2016-05-03,-0.004947234987768279
2016-05-04,-0.004309884962380273
2016-05-05,-0.003968685350322909
2016-05-06,-0.003968330787564089
2016-05-09,-0.004113127366617619
2016-05-10,-0.004344875053918451
2016-05-11,-0.0035875725730156738
2016-05-12,-0.0038546261184593256
2016-05-13,-0.004360402176911693
2016-05-16,-0.0050339805256902626
2016-05-17,-0.006178191044723058
2016-05-18,-0.005480805884099382
2016-05-19,-0.005343695200604626
2016-05-20,-0.006385778417176802
2016-05-23,-0.0069124311087116475
2016-05-24,-0.008601215318417732
2016-05-25,-0.0077723155997250215
2016-05-26,-0.00784944300463497
2016-05-27,-0.0073082044732246665
2016-05-30,-0.008824132945121965
2016-05-31,-0.010713793557622253
2016-06-01,-0.010054415939477979
2016-06-02,-0.0015722961744988329
2016-06-03,-0.0009817423648139645
2016-06-06,-0.001286554058928413
2016-06-07,-0.0012802925786634667
2016-06-08,-0.0006511034150480377
2016-06-09,-0.0005802435432560316
2016-06-10,-0.0005693586270371087
2016-06-13,-0.0005412624899268081
2016-06-14,0.0005748371065612545
2016-06-15,0.0028917723512549287
2016-06-16,0.0036398406846476217
2016-06-17,0.004487502889528816
2016-06-20,0.005524315398091506
2016-06-21,0.007868435814870844
2016-06-22,0.010300347081964478
2016-06-23,0.012165789496188628
2016-06-24,0.01510971849867504
2016-06-27,0.01492929782232788
2016-06-28,0.007269639345638179
2016-06-29,0.0028934571217833494
2016-06-30,0.005206114670793127
2016-07-01,0.007304628311768369
2016-07-04,0.0016752432546529583
2016-07-05,0.0007709418147570091
2016-07-06,0.00036608283306938105
2016-07-07,0.00019503621439054264
2016-07-08,4.0250632616478654e-05
2016-07-11,-0.00011738553350826297
2016-07-12,-0.000571546296236014
2016-07-13,0.00012308405381844523
2016-07-14,0.0003072784065700773
2016-07-15,0.00012961690859869535
2016-07-18,-0.0004189956601977629
2016-07-19,-0.001695655277813124
2016-07-20,-0.0025425895198447623
2016-07-21,-0.003110552428421176
2016-07-22,-0.003732963551214552
2016-07-25,-0.004196022989455317
2016-07-26,-0.005261333330570106
2016-07-27,-0.005525906342995546
2016-07-28,-0.006213553383574988
2016-07-29,-0.0061431828058843285
2016-08-01,-0.005857169392944894
2016-08-02,-0.0025935391521891837
2016-08-03,-0.0022865952853600158
2016-08-04,-0.0016299633339872388
2016-08-05,-0.0014923254554264354
2016-08-08,-0.0017143419553217187
2016-08-09,-0.0017475027894113815
2016-08-10,-0.001560199835468623
2016-08-11,-0.0013109279079401848
2016-08-12,-0.001985426960282144
2016-08-15,-0.0025075996733375794
2016-08-16,-0.0032502976297623665
2016-08-17,-0.0026078498692575502
2016-08-18,-0.002868165278366086
2016-08-19,-0.002634134787359077
2016-08-22,-0.0027048697993270476
2016-08-23,-0.0024102646951316142
2016-08-24,-0.0019142529239476458
2016-08-25,-0.002360365440899903
2016-08-26,-0.0027318573968110327
2016-08-29,-0.0029225448144690747
2016-08-30,-0.002752957566064862
2016-08-31,-0.002663878580396517
2016-09-01,-0.002750174707462749
2016-09-02,-0.003514220999297213
2016-09-05,-0.003492571779554199
2016-09-06,-0.00426029084858448
2016-09-07,-0.003924156614230956
2016-09-08,-0.003459616999013315
2016-09-09,-0.0032652912122919098
2016-09-12,-0.0037594031548212614
2016-09-13,-0.0036267390724078474
2016-09-14,-0.0027054574661449227
2016-09-15,-0.002846897091091982
2016-09-16,-0.002747470173001032
2016-09-19,-0.0033628399526753894
2016-09-20,-0.003927007811054262
2016-09-21,-0.003081650239059819
2016-09-22,-0.0027956743188807254
2016-09-23,-0.0023933094516790376
2016-09-26,-0.0035702067577662033
2016-09-27,-0.004875344714725505
2016-09-28,-0.003728293656047321
2016-09-29,-0.004044479216339103
2016-09-30,-0.003940899661758812
2016-10-03,-0.0037406798076389247
2016-10-04,-0.004019216742287446
2016-10-05,-0.003664675554680308
2016-10-06,-0.004309031678724429
2016-10-07,-0.004307461573754834
2016-10-10,-0.005110845717843482
2016-10-11,-0.005001970930070265
2016-10-12,-0.0051326057374362355
2016-10-13,-0.004937021067829228
2016-10-14,-0.005298741714681143
2016-10-17,-0.005146117369488001
2016-10-18,-0.005696797246480756
2016-10-19,-0.005345765817989512
2016-10-20,-0.0064911210524805085
2016-10-21,-0.007166590796338079
2016-10-24,-0.007497796498603382
2016-10-25,-0.009034282509508329
2016-10-26,-0.006663460392116738
2016-10-27,-0.00632835091586359
2016-10-28,-0.006274893785966018
2016-10-31,-0.006897126180314794
2016-11-01,-0.007019792605144626
2016-11-02,-0.00016942525554719534
2016-11-03,1.0529585918739315e-06
2016-11-04,0.0004914883836422135
2016-11-07,0.0013394017153689486
2016-11-08,0.0017667894803101714
2016-11-09,0.0030787805305567684
2016-11-10,0.003900150195865315
2016-11-11,0.001725220916709569
2016-11-14,0.0016855958593424702
2016-11-15,0.0008559153713587619
2016-11-16,0.0008592636168225365
2016-11-17,0.0007707434341737152
2016-11-18,0.000787133356833003
2016-11-21,0.0002424517554870942
2016-11-22,0.0005642787904844848
2016-11-23,0.0014732836803583726
2016-11-24,0.0014330455554167898
2016-11-25,0.0013921990804448559
2016-11-28,0.0008769526057785804
2016-11-29,0.000880325969450757
2016-11-30,0.002673475951160853
2016-12-01,0.0026654537354349195
2016-12-02,3.9218856299871874e-05
2016-12-05,7.739029854536561e-05
2016-12-06,0.00048028271322864136
2016-12-07,-0.0003936379351134889
2016-12-08,-0.0010732315429006212
2016-12-09,-0.0013707195603651634
2016-12-12,-0.0023598327017404497
2016-12-13,-0.003183769860281571
2016-12-14,-0.0034822233915363654
2016-12-15,-0.003506330342537667
2016-12-16,-0.004464398472456943
2016-12-19,-0.006845371476627893
2016-12-20,-0.008092721544834536
2016-12-21,-0.00720903548573959
2016-12-22,-0.007108226808512197
2016-12-23,-0.008060856548280704
2016-12-27,-0.008958515391893185
2016-12-28,-0.009703512054759278
2016-12-29,-0.006868480856546788
2016-12-30,-0.007172490126165942
2017-01-02,-0.006960956469155843
2017-01-03,-0.0035621702011096046
2017-01-04,-0.0030747119972766024
2017-01-05,-0.003129446319483642
2017-01-06,-0.003023070752460222
2017-01-09,-0.003025950784138698
2017-01-10,-0.0028137000789040245
2017-01-11,-0.002724216995579787
2017-01-12,-0.003040664268603832
2017-01-13,-0.0029727862958791595
2017-01-16,-0.003069093468239359
2017-01-17,-0.0035191373560649053
2017-01-18,-0.0022951973857109342
2017-01-19,-0.00249029985962701
2017-01-20,-0.0027532451478751163
2017-01-23,-0.0026199696838817843
2017-01-24,-0.003546046727900487
2017-01-25,-0.0015912396213590974
2017-01-26,-0.0013613888163136467
2017-01-27,-0.0011284620326054151
2017-01-30,-0.001307740034205418
2017-01-31,-0.0033127946208647563
2017-02-01,-0.002836188246523541
2017-02-02,-0.0001697185504476728
2017-02-03,0.00012247563235256997
2017-02-06,0.00042473374166096534
2017-02-07,0.0003727574083529639
2017-02-08,0.0008756448627338376
2017-02-09,0.00039046429127687077
2017-02-10,-1.4495745970233287e-06
2017-02-13,-0.0001692167755830143
2017-02-14,-0.00037861256104954055
2017-02-15,0.0003229961006836479
2017-02-16,-0.00030976128081183774
2017-02-17,0.00012224014674511174
2017-02-20,-0.0003822299747713309
2017-02-21,-0.0013932746055786982
2017-02-22,-0.0008884987375644693
2017-02-23,-0.0003748288011181655
2017-02-24,-0.000765945398622847
2017-02-27,-0.0014952552157456722
2017-02-28,-0.0011397064224193398
2017-03-01,9.650163552277213e-05
2017-03-02,-0.009684986239007598
2017-03-03,-0.00956534851678248
2017-03-06,-0.010086925469917962
2017-03-07,-0.009713857486707278
2017-03-08,-0.009766605747849377
2017-03-09,-0.010059109264221378
2017-03-10,-0.010710801483804433
2017-03-13,-0.01093446783012042
2017-03-14,-0.011719121972221691
2017-03-15,-0.011875800705406725
2017-03-16,-0.012058793907059773
2017-03-17,-0.013275902733838718
2017-03-20,-0.018625622874680392
2017-03-21,-0.02000090694129797
2017-03-22,-0.01808771824186428
2017-03-23,-0.01781237674001912
2017-03-24,-0.018299171514756463
2017-03-27,-0.018243273646200264
2017-03-28,-0.019291280495922103
2017-03-29,-0.018946119673802997
2017-03-30,-0.019067935830862637
2017-03-31,-0.020079796920925763
2017-04-03,-0.02116237728247472
2017-04-04,0.00046653526847095783
2017-04-05,0.0012183349337440141
2017-04-06,0.001788670676476034
2017-04-07,0.00251271686496346
2017-04-10,0.0030967464882234452
2017-04-11,0.0035562792526298015
2017-04-12,0.004739466976592777
2017-04-13,0.004820454080992409
2017-04-18,0.00574418099265972
2017-04-19,0.0069835975863767885
2017-04-20,0.010445822432645135
2017-04-21,0.01101745938483023
2017-04-24,0.012628329673551653
2017-04-25,0.014956338065382102
2017-04-26,0.0105927463395179
2017-04-27,0.010266251763992651
2017-04-28,0.009674119351524402
2017-05-02,0.007985413682648046
2017-05-03,0.00409729693467864
2017-05-04,0.004125080141242687
2017-05-05,0.005013150564325608
2017-05-08,0.004940906671003775
2017-05-09,0.006401601404508517
2017-05-10,0.004356721110484019
2017-05-11,0.004005357682927535
2017-05-12,0.0032145835207484375
2017-05-15,0.0023615836122337086
2017-05-16,0.0021059203877777932
2017-05-17,0.002682226495821727
2017-05-18,0.0024529798345915843
2017-05-19,0.003475015012402327
2017-05-22,0.002871485649096339
2017-05-23,0.0030582400800291953
2017-05-24,0.0034948659019857775
2017-05-25,0.0031729272600309333
2017-05-26,0.0022272226023256625
2017-05-29,0.002676467397293436
2017-05-30,0.002857420274352762
2017-05-31,0.0029308015056355163
2017-06-01,0.0027450541817319873
2017-06-02,0.0022615439079078925
2017-06-05,0.0023028785385976747
2017-06-06,0.0023140681694420184
2017-06-07,0.0025725102781068987
2017-06-08,0.0019869688618843195
2017-06-09,0.0026183300810898036
2017-06-12,0.003140060998338079
2017-06-13,0.0032131276720643864
2017-06-14,0.0032943517001513545
2017-06-15,0.003058074474587391
2017-06-16,0.0031513284729285385
2017-06-19,0.0027238339894521957
2017-06-20,0.0022000464495917083
2017-06-21,0.0038910656327058035
2017-06-22,0.003159030314782596
2017-06-23,0.0028881174202159965
2017-06-26,0.0030668516065044393
2017-06-27,0.0028244621412325532
2017-06-28,0.003372575217421625
2017-06-29,0.0037623493410048336
2017-06-30,0.0036681135336309456
2017-07-03,0.005895109033811963
2017-07-04,0.002494902140449451
2017-07-05,0.0020792959798647814
2017-07-06,0.0014276476102015323
2017-07-07,0.0014929287515117462
2017-07-10,0.0010365941161674108
2017-07-11,0.0007088565605020136
2017-07-12,0.0014577142288061395
2017-07-13,0.0011944961244196861
2017-07-14,0.0011989841926891565
2017-07-17,-1.3250224381367026e-05
2017-07-18,-0.0011254963004566632
2017-07-19,-4.17329911761577e-06
2017-07-20,0.0004695396767924187
2017-07-21,0.000606154699114736
2017-07-24,0.0006711451064156382
2017-07-25,0.002825072395261863
2017-07-26,0.0034526537022614434
2017-07-27,0.0033365169796686356
2017-07-28,0.0033290800151797306
2017-07-31,0.00286751851843281
2017-08-01,0.002500760525975476
2017-08-02,0.0021790019666916294
2017-08-03,0.0021323742337000517
2017-08-04,0.002234666383470918
2017-08-07,0.0021382244631824587
2017-08-08,0.0018974521900643193
2017-08-09,0.0018051441100417343
2017-08-10,0.0016034120402439456
2017-08-11,0.0021467724874026928
2017-08-14,0.002663785610026448
2017-08-15,0.0028736702365756983
2017-08-16,0.0033238739429131137
2017-08-17,0.003513986187348994
2017-08-18,0.002782443824288494
2017-08-21,0.0020289173137417738
2017-08-22,0.0032224549633323996
2017-08-23,0.004201938686125617
2017-08-24,0.004427433975597417
2017-08-25,0.004550771512693341
2017-08-28,0.0030408587557197997
2017-08-29,0.0028391421748219514
2017-08-30,0.003731418141599274
2017-08-31,0.005054439953486867
2017-09-01,0.0052572606873870775
2017-09-04,0.0020943983195798044
2017-09-05,0.002072593188100713
2017-09-06,0.002037732970553874
2017-09-07,0.0021390644829730743
2017-09-08,0.0022609531537673977
2017-09-11,0.0017443784105231064
2017-09-12,0.0014797672918178684
2017-09-13,0.0008100180887546937
2017-09-14,0.0007746635054211026
2017-09-15,0.0006234580814947766
2017-09-18,-0.0014208256292549404
2017-09-19,-0.0020819980526064485
2017-09-20,-0.0011527126757524542
2017-09-21,-0.0019657143348577044
2017-09-22,-0.0020222073352825776
2017-09-25,-0.002742301296208005
2017-09-26,-0.003624384545962589
2017-09-27,-0.0026890176400650168
2017-09-28,-0.0023340010949928214
2017-09-29,-0.0029593082756017575
2017-10-02,-0.003131530745030031
2017-10-03,-7.40677265379519e-05
2017-10-04,0.0001165757758514463
2017-10-05,0.00017403471857324604
2017-10-06,0.00036064995328000116
2017-10-09,-3.3990913251291666e-05
2017-10-10,0.00027035043335676967
2017-10-11,0.0004686257235744229
2017-10-12,0.0010409154580506286
2017-10-13,0.0007788302974576222
2017-10-16,0.0009527077275826024
2017-10-17,0.0004068521869375896
2017-10-18,0.0012856113588060047
2017-10-19,0.0008201407840044972
2017-10-20,0.00016052560651447223
2017-10-23,0.0017739966641847627
2017-10-24,0.001661678136516631
2017-10-25,0.0027792306671903244
2017-10-26,0.001967456797638878
2017-10-27,0.002324139970276029
2017-10-30,0.0018630849884813117
2017-10-31,0.0018482445196730257
2017-11-01,0.003292928965501485
2017-11-02,0.003064097241560315
2017-11-03,0.0027352852628375057
2017-11-06,0.0025708138247027
2017-11-07,0.0022069876734731597
2017-11-08,0.002292570622400625
2017-11-09,0.0024067667634903867
2017-11-10,0.002763329735905984
2017-11-13,0.0026973791730506846
2017-11-14,0.0026075765515496396
2017-11-15,0.0034225614727096954
2017-11-16,0.004133870899500014
2017-11-17,0.00511795995215536
2017-11-20,0.0057668787747025
2017-11-21,0.00570562727623547
2017-11-22,0.0068326465869332775
2017-11-23,0.006434125473975705
2017-11-24,0.006451761952301682
2017-11-27,0.006043209121401105
2017-11-28,0.006939185628866085
2017-11-29,0.006720091190483668
2017-11-30,0.006835823646704764
2017-12-01,0.007547425462673951
2017-12-04,0.003363897911113023
2017-12-05,0.004259178553143839
2017-12-06,0.003660491111284525
2017-12-07,0.0034616202506772
2017-12-08,0.0031485451596575675
2017-12-11,0.003047219369486154
2017-12-12,0.0024797743340669864
2017-12-13,0.0032390597378373354
2017-12-14,0.0031661563222160627
2017-12-15,0.003065944280334909
2017-12-18,0.001890594473190399
2017-12-19,0.0021944797233914848
2017-12-20,0.002313814840416928
2017-12-21,0.002335026086589753
2017-12-22,0.002485814839158218
2017-12-27,0.00138990090757396
2017-12-28,0.0017196033329400784
2017-12-29,0.0033800566578927604
2018-01-02,0.0030835399121520446
2018-01-03,-0.0007425417479651752
2018-01-04,-0.0015436846053517028
2018-01-05,-0.001942672239131693
2018-01-08,-0.0014087803585814962
2018-01-09,-0.0016808553059239895
2018-01-10,-0.0021449392554079294
2018-01-11,-0.0027615777188639834
2018-01-12,-0.0012863798008131422
2018-01-15,-0.001671167110004812
2018-01-16,-0.0021949126477578407
2018-01-17,-0.002244576109478813
2018-01-18,-0.0007857669910412701
2018-01-19,-0.001996258787870575
2018-01-22,-0.004061987396850153
2018-01-23,-0.003924377477440899
2018-01-24,-0.0025601311624934286
2018-01-25,-0.0027115549446180554
2018-01-26,-0.0026284804371085047
2018-01-29,-0.0029511353979422283
2018-01-30,-0.0042251941941670035
2018-01-31,-0.0034660778160612304
2018-02-01,-0.002968228767987524
2018-02-02,0.00394102409151853
2018-02-05,0.004778659261838403
2018-02-06,0.005160275611036713
2018-02-07,0.0059175524805736845
2018-02-08,0.007244404839801266
2018-02-09,0.006773994653468174
2018-02-12,0.010330501472778586
2018-02-13,0.011464847920997778
2018-02-14,0.010426223607505891
2018-02-15,0.008842285421300167
2018-02-16,0.008224220183733477
2018-02-19,0.009773673712663022
2018-02-20,0.008357710288021014
2018-02-21,0.007641826220583292
2018-02-22,0.005927627348814024
2018-02-23,0.006287229719839527
2018-02-26,0.005902201702330689
2018-02-27,0.00635146364977901
2018-02-28,0.008364158030428781
2018-03-01,0.00806673472094932
2018-03-02,0.0035042261789821616
2018-03-05,0.0040517788638056995
2018-03-06,0.0044526255103107815
2018-03-07,0.00367101788414681
2018-03-08,0.0034205335904684553
2018-03-09,0.002958966843785049
2018-03-12,0.0029987001518481105
2018-03-13,0.003184078412036051
2018-03-14,0.003514728133407141
2018-03-15,0.002714113303894816
2018-03-16,0.0023291823533482248
2018-03-19,0.0014769058404420221
2018-03-20,0.0005855102316474348
2018-03-21,0.000450293833906823
2018-03-22,-3.562175830884584e-05
2018-03-23,0.0005067570408550104
2018-03-26,0.0015363058439958888
2018-03-27,0.0025089050542950186
2018-03-28,0.002745944812485357
2018-03-29,0.003150216474029799
2018-04-03,0.002739522043230247
2018-04-04,0.0030726903197462185
2018-04-05,0.0030535839822940503
2018-04-06,0.002902069614014957
2018-04-09,0.0032022867003065336
2018-04-10,0.003397694514455818
2018-04-11,0.00348823455806313
2018-04-12,0.00334352759116463
2018-04-13,0.00309008052905968
2018-04-16,0.002884853571468282
2018-04-17,0.0030300986628466475
2018-04-18,0.0030581231946313903
2018-04-19,0.00354055210799209
2018-04-20,0.0033831851610139907
2018-04-23,0.0017361655117773545
2018-04-24,0.0017964582708991372
2018-04-25,0.001983836637316605
2018-04-26,0.0017592818824243572
2018-04-27,0.0009455749704405658
2018-04-30,0.0018218079624152672
2018-05-02,0.0011109943292917368
2018-05-03,0.0026987275308381076
2018-05-04,0.0029865400439086365
2018-05-07,0.002931891966416078
2018-05-08,0.003235426657372642
2018-05-09,0.0029772883040364295
2018-05-10,0.0025304824872629528
2018-05-11,0.0031739655389941834
2018-05-14,0.0032974584523712824
2018-05-15,0.0034082339272984985
2018-05-16,0.0037774851459666525
2018-05-17,0.003506716059579862
2018-05-18,0.0035867440956476315
2018-05-21,0.003984977310509397
2018-05-22,0.003590744132547563
2018-05-23,0.003918256804667175
2018-05-24,0.004208074842746656
2018-05-25,0.004524584149890654
2018-05-28,0.005793577190535082
2018-05-29,0.005860424694722477
2018-05-30,0.007922015792141579
2018-05-31,0.007160585413353182
2018-06-01,0.006496342353762508
2018-06-04,0.0039378685763360455
2018-06-05,0.0046308045358085526
2018-06-06,0.004285698352135547
2018-06-07,0.004516435751287906
2018-06-08,0.003439278693713854
2018-06-11,0.0033075519136573917
2018-06-12,0.0028627566707595253
2018-06-13,0.0035899712818687757
2018-06-14,0.003422308419927411
2018-06-15,0.0034343672804511005
2018-06-18,0.0041128396206144835
2018-06-19,0.002217800332544373
2018-06-20,0.0030579864699638026
2018-06-21,0.0031639226038726598
2018-06-22,0.003496760984122327
2018-06-25,0.004169544871194475
2018-06-26,0.0031425956367521213
2018-06-27,0.004468527411483736
2018-06-28,0.0050635976226725
2018-06-29,0.004668504013243924
2018-07-02,0.004504886240013883
2018-07-03,0.004143136203796471
2018-07-04,0.004172886622803462
2018-07-05,0.00406610355482151
2018-07-06,0.004062075686432465
2018-07-09,0.003951234373678059
2018-07-10,0.0035836287615247375
2018-07-11,0.004014531542612998
2018-07-12,0.004225969730218937
2018-07-13,0.004129737285414992
2018-07-16,0.0037419335458110936
2018-07-17,0.003785751492816569
2018-07-18,0.004100505270673738
2018-07-19,0.003626421830959181
2018-07-20,0.0030597785801507182
2018-07-23,0.003249285246100797
2018-07-24,0.0031916177515884936
2018-07-25,0.004197492798996505
2018-07-26,0.0033127286618848117
2018-07-27,0.0035048831401056635
2018-07-30,0.002669701238124933
2018-07-31,0.002221812551594704
2018-08-01,0.0025813682524005177
2018-08-02,0.0018879118240533455
2018-08-03,0.0018623828191184355
2018-08-06,0.0018799573048866591
2018-08-07,0.0017136389339647007
2018-08-08,0.0023274714527958817
2018-08-09,0.0021965474009593144
2018-08-10,0.002345995406831003
2018-08-13,0.002193948447814398
2018-08-14,0.002848521571001239
2018-08-15,0.0026710332409092263
2018-08-16,0.0027299831919802564
2018-08-17,0.003969836398314941
2018-08-20,0.0037092910552851688
2018-08-21,0.0032316931999687437
2018-08-22,0.003480290418509613
2018-08-23,0.0034841588726022277
2018-08-24,0.0027115208771038013
2018-08-27,0.002027377111935902
2018-08-28,0.0016879541199201764
2018-08-29,0.0018083367657282245
2018-08-30,0.001359835334770576
2018-08-31,2.2400051940207888e-05
2018-09-03,-0.00017157795470845727
2018-09-04,0.0024179273871858253
2018-09-05,0.0030191960489214242
2018-09-06,0.003281368126268891
2018-09-07,0.003462386001347184
2018-09-10,0.0035166503755541534
2018-09-11,0.0031234657736318727
2018-09-12,0.003968093206415446
2018-09-13,0.004109227104190261
2018-09-14,0.0043912668940799815
2018-09-17,0.0036781158668710567
2018-09-18,0.0034111860143952732
2018-09-19,0.004121470070802324
2018-09-20,0.0033667782487838416
2018-09-21,0.002418450155404983
2018-09-24,0.0024302709190970884
2018-09-25,0.001054911715403506
2018-09-26,0.0019526683004471579
2018-09-27,0.0015584104767343288
2018-09-28,0.0009395732422698977
2018-10-01,0.0011194480116254457
2018-10-02,0.0024199898572947465
2018-10-03,0.0023538690960067665
2018-10-04,0.0028664890955056865
2018-10-05,0.002623846448345457
2018-10-08,0.0033550847630174907
2018-10-09,0.0032130734281672346
2018-10-10,0.0034460632594948137
2018-10-11,0.0033477227146108124
2018-10-12,0.0031339081678574132
2018-10-15,0.003990512603942342
2018-10-16,0.0037246137419564285
2018-10-17,0.0035606297634744877
2018-10-18,0.0035003675050124805
2018-10-19,0.003297028601580987
2018-10-22,0.003307523327726436
2018-10-23,0.003650022190609059
2018-10-24,0.004507441252048938
2018-10-25,0.0046380883830534625
2018-10-26,0.005909308074190989
2018-10-29,0.004826516343548359
2018-10-30,0.006257452707889577
2018-10-31,0.00602909330111534
2018-11-01,0.006380063637754008
2018-11-02,0.005304240553249517
2018-11-05,0.004885094408162871
2018-11-06,0.0047071660837585405
2018-11-07,0.004921638769017855
2018-11-08,0.004842223753521946
2018-11-09,0.005274837880756111
2018-11-12,0.005778044422612538
2018-11-13,0.004936756404027465
2018-11-14,0.005010886512156754
2018-11-15,0.004545376487906427
2018-11-16,0.005550947096648162
2018-11-19,0.0063847129369791755
2018-11-20,0.006424896663612456
2018-11-21,0.006990837205471445
2018-11-22,0.006886863121953191
2018-11-23,0.006180618640646118
2018-11-26,0.007362867429524522
2018-11-27,0.007003548995541564
2018-11-28,0.008974394791046336
2018-11-29,0.00911014719618497
2018-11-30,0.010157133056029055
2018-12-03,0.009867787467379152
2018-12-04,0.0037890242287246245
2018-12-05,0.00390494791598317
2018-12-06,0.0037384789599563817
2018-12-07,0.003937896671353691
2018-12-10,0.0051006642864981355
2018-12-11,0.003477917387155083
2018-12-12,0.0037661204873831178
2018-12-13,0.003341961071464672
2018-12-14,0.0030909326598509423
2018-12-17,0.0019947277677874187
2018-12-18,0.0009410781671741475
2018-12-19,0.0015310016322809261
2018-12-20,0.0003367134764666879
2018-12-21,0.0003631803045867077
2018-12-27,-0.0010257377217421926
2018-12-28,-0.002614326263427391
2019-01-02,-0.001222364902747075
2019-01-03,-0.002729699235110239
2019-01-04,0.0018918030199646108
2019-01-07,0.0013413204731378414
2019-01-08,0.0016225338224704622
2019-01-09,0.0020539216491277656
2019-01-10,0.001249768283839492
2019-01-11,0.001286378671486732
2019-01-14,0.0006362913759554445
2019-01-15,-0.0002240120279124458
2019-01-16,0.0008877193088909774
2019-01-17,0.0010037249418017868
2019-01-18,0.001298977058977746
2019-01-21,0.0010876842432272493
2019-01-22,0.0008254454240814724
2019-01-23,0.0012250421992170413
2019-01-24,0.0003256076678801456
2019-01-25,-0.0007836941334666836
2019-01-28,-0.00037911228820641796
2019-01-29,-0.0007723179773529987
2019-01-30,-0.000338793876419885
2019-01-31,-0.00043083996118398193
2019-02-01,-0.0002603964085400312
2019-02-04,0.0012452727648133433
2019-02-05,0.0012550240277435787
2019-02-06,0.001664702777574023
2019-02-07,0.0019179438331160537
2019-02-08,0.001950636304572262
2019-02-11,0.0015261779212012438
2019-02-12,0.0014853089225281835
2019-02-13,0.001875488711438722
2019-02-14,0.0015764617151481364
2019-02-15,0.0011634623011118617
2019-02-18,0.0025889035734101284
2019-02-19,0.001582873020762987
2019-02-20,0.001748052518503851
2019-02-21,0.0017945577937559243
2019-02-22,0.0011256168353379614
2019-02-25,0.0015569289046468704
2019-02-26,0.0010306733861873418
2019-02-27,0.0020143983070504135
2019-02-28,0.001126754512184469
2019-03-01,0.00041008605449066593
2019-03-04,0.0015714783759634976
2019-03-05,0.001934195872362876
2019-03-06,0.0021791393165286888
2019-03-07,0.0015992587939486214
2019-03-08,0.0015083614567297232
2019-03-11,0.0009851061846304354
2019-03-12,-2.3186315780576727e-05
2019-03-13,0.0012915251512557457
2019-03-14,0.0015475366042490002
2019-03-15,0.0021208458206589675
2019-03-18,0.002110274379063526
2019-03-19,0.0019659478705320588
2019-03-20,0.0020511521959019063
2019-03-21,0.002214866816107497
2019-03-22,0.003296502412498681
2019-03-25,0.004461830159545599
2019-03-26,0.0028436812307048864
2019-03-27,0.003410895642439682
2019-03-28,0.004383735199666949
2019-03-29,0.004003405543804961
2019-04-01,0.0054723514185381905
2019-04-02,0.0017913585187578906
2019-04-03,0.0017658947527368074
2019-04-04,0.0016358581480133694
2019-04-05,0.0012569661917625208
2019-04-08,0.0008714945836294508
2019-04-09,0.0006710269786636136
2019-04-10,0.001024374666022121
2019-04-11,0.0010975548642135902
2019-04-12,0.0007524800385692032
2019-04-15,0.0007034184478702521
2019-04-16,0.00040407422776644886
2019-04-17,0.0006434105381862842
2019-04-18,0.0005329219055472123
2019-04-23,-0.00016885123885956865
2019-04-24,-0.0009814820330000806
2019-04-25,0.0006347923509735232
2019-04-26,0.0008292260620006431
2019-04-29,0.00046510176779857026
2019-04-30,0.0004770812238816813
2019-05-02,0.0021878669929797923
2019-05-03,0.0004383841182586945
2019-05-06,0.0005818158740804602
2019-05-07,0.0008016816263205495
2019-05-08,0.0018404725704965763
2019-05-09,0.0028197150119466663
2019-05-10,0.003207912047489714
2019-05-13,0.004205524953459161
2019-05-14,0.0041313832038778475
2019-05-15,0.004447601829775882
2019-05-16,0.0046794324103272
2019-05-17,0.005084206038835193
2019-05-20,0.005317805620771221
2019-05-21,0.005444513202014889
2019-05-22,0.006741110205053635
2019-05-23,0.0059081690707118995
2019-05-24,0.006383109556032496
2019-05-27,0.006816586562914617
2019-05-28,0.005456137174662201
2019-05-29,0.005696964652389891
2019-05-30,0.005105847820212173
2019-05-31,0.005265492277510164
2019-06-03,0.004741576798326541
2019-06-04,0.0035798014690209268
2019-06-05,0.0036806905107893417
2019-06-06,0.0035605257176067884
2019-06-07,0.003548439719816443
2019-06-10,0.0036309755779726505
2019-06-11,0.0038555085967426628
2019-06-12,0.004179653721447352
2019-06-13,0.003900762822733661
2019-06-14,0.003569736132530421
2019-06-17,0.003279265169807255
2019-06-18,0.0028076592695880365
2019-06-19,0.0035891727772419113
2019-06-20,0.0034828682237872943
2019-06-21,0.003056253479504889
2019-06-24,0.003391735509756133
2019-06-25,0.0015873860960096131
2019-06-26,0.0030901410311430233
2019-06-27,0.002731030992306094
2019-06-28,0.002364559425564572
2019-07-01,0.0029032592700488635
2019-07-02,0.0025648190402032256
2019-07-03,0.0022497367016041103
2019-07-04,0.0022441546071927387
2019-07-05,0.0021693305280310327
2019-07-08,0.0019818661854114072
2019-07-09,0.0018083119962104544
2019-07-10,0.0019926160861192255
2019-07-11,0.002060847923689879
2019-07-12,0.0019573418236555895
2019-07-15,0.002420679072693943
2019-07-16,0.0022080892663454144
2019-07-17,0.002503849163312921
2019-07-18,0.0024273408536905627
2019-07-19,0.0016756266629511796
2019-07-22,0.002102529965165134
2019-07-23,0.0035973852553465857
2019-07-24,0.003447032185425636
2019-07-25,0.0031330611419619903
2019-07-26,0.003848331298248686
2019-07-29,0.0038691204166634297
2019-07-30,0.0038816905693024317
2019-07-31,0.004322920226711213
2019-08-01,0.005939978793988221
2019-08-02,0.00309789330107324
2019-08-05,0.001954196382451645
2019-08-06,0.0038427249402379626
2019-08-07,0.004354136874798797
2019-08-08,0.004234117416241023
2019-08-09,0.004342293425680488
2019-08-12,0.004355654381957841
2019-08-13,0.004065572998537048
2019-08-14,0.003964612571446313
2019-08-15,0.004309956159678663
2019-08-16,0.005167180486075118
2019-08-19,0.0056880481966141705
2019-08-20,0.005674435429346092
2019-08-21,0.0063138315646180665
2019-08-22,0.006769786093152819
2019-08-23,0.005859400161785544
2019-08-26,0.00632722092493454
2019-08-27,0.006467320435064039
2019-08-28,0.00572357244871502
2019-08-29,0.005514208388554431
2019-08-30,0.005663716526125295
2019-09-02,0.0072373750183798435
2019-09-03,0.0008688075629241787
2019-09-04,0.00030594555568730364
2019-09-05,0.0004248029615698812
2019-09-06,0.000497460416617912
2019-09-09,0.0009380935272131907
2019-09-10,0.0003247472459768641
2019-09-11,0.0008431907732597832
2019-09-12,0.0008828137534768743
2019-09-13,0.0014771602353509383
2019-09-16,0.0010812547864775812
2019-09-17,0.0006651105090644815
2019-09-18,0.0016300671015303525
2019-09-19,0.0010311166972241104
2019-09-20,0.0004769878997419319
2019-09-23,0.0018098560028463329
2019-09-24,-0.0003754100288908546
2019-09-25,0.000440438542913979
2019-09-26,0.000582409508607995
2019-09-27,0.0011830175705420665
2019-09-30,0.0009804676277207491
2019-10-01,0.0007251801107686084
2019-10-02,0.0015031679528272335
2019-10-03,0.002074020288757028
2019-10-04,0.0025523005050429592
2019-10-07,0.003127920054475819
2019-10-08,0.0027653402973586427
2019-10-09,0.003141817813068881
2019-10-10,0.0030504643934312625
2019-10-11,0.002693965491162187
2019-10-14,0.0033881455802831084
2019-10-15,0.0036065118372081706
2019-10-16,0.003936461735446706
2019-10-17,0.0039295722392798105
2019-10-18,0.00310084048021797
2019-10-21,0.003282770627822229
2019-10-22,0.003758751121131221
2019-10-23,0.003197394974287837
2019-10-24,0.002315700600959314
2019-10-25,0.0014026124123522887
2019-10-28,0.0008254878705802327
2019-10-29,0.0005196795994446557
2019-10-30,0.0008142717336268035
2019-10-31,0.0005668872540178782
2019-11-01,0.00035724928131397604
2019-11-04,0.0020551862388351605
2019-11-05,0.0017007071767756177
2019-11-06,0.00183562405598936
2019-11-07,0.0019007586927914932
2019-11-08,0.0015055990101540129
2019-11-11,0.001720035611365578
2019-11-12,0.001548657294020428
2019-11-13,0.0024171152673786445
2019-11-14,0.002277591545804203
2019-11-15,0.0022387658429818824
2019-11-18,0.0018215314986129716
2019-11-19,0.0016602896953634705
2019-11-20,0.002804690123335174
2019-11-21,0.0029983237452531064
2019-11-22,0.0026415312795786683
2019-11-25,0.002467673812473148
2019-11-26,0.0036001758012047524
2019-11-27,0.004518193162373674
2019-11-28,0.003798383177674669
2019-11-29,0.00520650925945465
2019-12-02,0.005585365222694927
2019-12-03,0.0016778556137528877
2019-12-04,0.002881522203969089
2019-12-05,0.0024240992030142294
2019-12-06,0.002469707085547057
2019-12-09,0.002886812597821864
2019-12-10,0.0030155687569515255
2019-12-11,0.0035432542512561227
2019-12-12,0.003066352580398446
2019-12-13,0.004082983113432359
2019-12-16,0.004440546501587317
2019-12-17,0.0028097225757608424
2019-12-18,0.0040987861762398214
2019-12-19,0.0032146913254749165
2019-12-20,0.0022986974816867622
2019-12-23,0.0030671475671024684
2019-12-27,0.0012748328855398672
2019-12-30,0.0010543237999869337
2020-01-02,0.00031937664370995655
2020-01-03,0.0017099151969390824
2020-01-06,0.0015586580093496227
2020-01-07,0.002119578719815829
2020-01-08,0.00303231157918038
2020-01-09,0.0028362798908871945
2020-01-10,0.0034723801032032764
2020-01-13,0.002945333454298815
2020-01-14,0.0021710193883632822
2020-01-15,0.002964027502835087
2020-01-16,0.0027012300166684433
2020-01-17,0.0021477313781126384
2020-01-20,0.0010574624022949841
2020-01-21,-0.0003596703993842265
2020-01-22,0.000735281163699586
2020-01-23,0.002115092328039303
2020-01-24,0.0018441754386804288
2020-01-27,0.0012843436740685998
2020-01-28,0.0014831361932559073
2020-01-29,0.004695892712746064
2020-01-30,0.00460549461941695
2020-01-31,0.0047591398759398995
2020-02-03,0.006016393668848208
2020-02-04,0.004908614460562788
2020-02-05,0.004587975993116444
2020-02-06,0.004581371013888891
2020-02-07,0.004746309313768071
2020-02-10,0.004198118919940708
2020-02-11,0.004397984514365794
2020-02-12,0.004598644761019344
2020-02-13,0.0042203670220692935
2020-02-14,0.003472793978806399
2020-02-17,0.004382410938305714
2020-02-18,0.00425298318711298
2020-02-19,0.004694385538215107
2020-02-20,0.004364700542101252
2020-02-21,0.0037399019019110913
2020-02-24,0.004147366788935125
2020-02-25,0.003952726646291982
2020-02-26,0.008789197662652848
2020-02-27,0.013558944829390018
2020-02-28,0.01135717789495816
2020-03-02,0.018809637205580598
2020-03-03,0.011660046944132807
2020-03-04,0.011111283294365837
2020-03-05,0.009306612843127837
2020-03-06,0.008276144448668976
2020-03-09,0.008597746416328267
2020-03-10,0.007274276009586522
2020-03-11,0.00983143878963677
2020-03-12,0.010198989547007375
2020-03-13,0.010518333814066416
2020-03-16,0.010841819079497883
2020-03-17,0.012884446211831824
2020-03-18,0.011764378635761519
2020-03-19,0.008503927471760875
2020-03-20,0.0051427224067053245
2020-03-23,0.006350964535597026
2020-03-24,0.010375132438749102
2020-03-25,0.012759607590465238
2020-03-26,0.019813883071313265
2020-03-27,0.012125501271912587
2020-03-30,0.01785961680322612
2020-03-31,0.012437979519281717
2020-04-01,0.012078148441163616
2020-04-02,0.004968737938784384
2020-04-03,0.003702272924585026
2020-04-06,0.0029785524444079226
2020-04-07,0.0015083606278851747
2020-04-08,0.0014863397080899787
2020-04-09,0.003521584419294621
2020-04-14,0.002963974839765404
2020-04-15,0.0023797823981761557
2020-04-16,0.0029898774371024395
2020-04-17,0.0034743654447326744
2020-04-20,0.002914508512816605
2020-04-21,0.0016712792239124141
2020-04-22,0.0014678602497344428
2020-04-23,3.593263591827878e-05
2020-04-24,0.0001036670865222078
2020-04-27,-0.0007103182723140478
2020-04-28,-0.0014143657883139982
2020-04-29,0.0005394903666302575
2020-04-30,-0.0003135185377813876
2020-05-04,-0.0005124519773354042
2020-05-05,-0.0008954130238699731
2020-05-06,-0.0010446302004776253
2020-05-07,-0.0013033575685043042
2020-05-08,-0.001778994243556653
2020-05-11,-0.0018992487000566438
2020-05-12,-0.002236141222325294
2020-05-13,-0.0011083121203893098
2020-05-14,-0.0003882467740954354
2020-05-15,-0.0017387420793901764
2020-05-18,-0.002542363125097258
2020-05-19,-0.0014943569070061669
2020-05-20,-0.000753124490935897
